{"stats":{"minecraft:picked_up":{"minecraft:raw_iron":10,"minecraft:crafting_table":1,"minecraft:iron_chestplate":1,"minecraft:leather":1,"minecraft:music_disc_11":1,"minecraft:oak_log":5,"chococraft:gysahl_green_seeds":13,"minecraft:pointed_dripstone":2,"minecraft:spider_eye":1,"minecraft:iron_horse_armor":1,"minecraft:oak_trapdoor":2,"minecraft:string":6,"minecraft:lapis_lazuli":1,"minecraft:blue_bed":6,"minecraft:tnt":1,"minecraft:rotten_flesh":6,"chococraft:gysahl_green":170,"minecraft:cobbled_deepslate":7,"minecraft:rabbit_hide":8,"mores:anthracite":5,"minecraft:beef":2,"minecraft:painting":2,"minecraft:gold_ingot":1,"minecraft:bread":5,"minecraft:bone_block":20,"mores:topaz_battleaxe":1,"minecraft:iron_boots":1,"minecraft:wooden_axe":1},"minecraft:custom":{"minecraft:time_since_rest":7948,"minecraft:sprint_one_cm":68836,"minecraft:damage_taken":429,"minecraft:walk_one_cm":32339,"minecraft:mob_kills":6,"minecraft:drop":25,"minecraft:damage_dealt":873,"minecraft:interact_with_crafting_table":5,"minecraft:fly_one_cm":84035,"minecraft:open_barrel":1,"minecraft:open_chest":6,"minecraft:crouch_one_cm":421,"minecraft:play_time":17100,"minecraft:sneak_time":486,"minecraft:walk_under_water_one_cm":53,"minecraft:jump":431,"minecraft:leave_game":1,"minecraft:walk_on_water_one_cm":1978,"minecraft:time_since_death":17100,"minecraft:sleep_in_bed":2,"minecraft:total_world_time":17100,"minecraft:climb_one_cm":323,"minecraft:fall_one_cm":19873},"minecraft:mined":{"minecraft:cobbled_deepslate":2,"mores:deepslate_anthracite_ore":5,"minecraft:crafting_table":1,"minecraft:grass":1,"chococraft:gysahl_green":13,"minecraft:oak_log":5,"minecraft:deepslate_iron_ore":10,"minecraft:gravel":1,"minecraft:spruce_leaves":1,"minecraft:deepslate":5,"minecraft:blue_bed":6,"minecraft:fern":1},"minecraft:used":{"mores:topaz_battleaxe":10,"minecraft:wooden_axe":5,"mores:wood_dagger":25,"chococraft:gysahl_green_seeds":12,"minecraft:stone_pickaxe":19,"minecraft:wooden_pickaxe":3,"minecraft:blue_bed":1,"minecraft:torch":3,"minecraft:crafting_table":2,"chococraft:gysahl_green":28,"minecraft:cobbled_deepslate":4},"minecraft:dropped":{"minecraft:rabbit_hide":8,"minecraft:oak_trapdoor":2,"minecraft:lapis_lazuli":1,"minecraft:wooden_axe":1,"minecraft:pointed_dripstone":2,"minecraft:rotten_flesh":6,"minecraft:painting":2,"chococraft:gysahl_green_seeds":1,"minecraft:wooden_pickaxe":1,"mores:sterling_helmet":1,"minecraft:string":1,"minecraft:music_disc_11":1},"minecraft:killed":{"minecraft:cave_spider":1,"minecraft:zombie":3,"minecraft:cow":2},"minecraft:crafted":{"mores:wood_dagger":1,"minecraft:oak_planks":20,"minecraft:crafting_table":1,"minecraft:stick":8,"minecraft:wooden_pickaxe":1,"minecraft:stone_pickaxe":1,"minecraft:wooden_axe":1}},"DataVersion":3465}