{"stats":{"minecraft:mined":{"minecraft:podzol":1,"minecraft:iron_ore":1,"minecraft:sweet_berry_bush":19,"minecraft:spruce_log":19,"minecraft:cave_vines_plant":1,"minecraft:crafting_table":1,"minecraft:grass":1,"minecraft:cave_vines":1,"minecraft:coal_ore":49,"minecraft:iron_bars":2,"minecraft:dead_bush":1,"mores:silver_ore":4,"minecraft:spruce_leaves":6,"minecraft:stone_bricks":1,"minecraft:stone":25,"mores:tin_ore":12,"minecraft:rooted_dirt":1,"minecraft:fern":6},"minecraft:picked_up":{"minecraft:stick":1,"minecraft:crafting_table":1,"minecraft:raw_iron":1,"minecraft:sweet_berries":47,"tombstone:grave_dust":2,"minecraft:spruce_log":19,"mores:raw_tin":39,"minecraft:rotten_flesh":2,"minecraft:glow_berries":3,"minecraft:iron_bars":2,"mores:raw_silver":4,"minecraft:coal":49,"minecraft:cobblestone":25},"minecraft:used":{"minecraft:wooden_axe":3,"minecraft:iron_bars":2,"mores:silver_battleaxe":11,"minecraft:stone_pickaxe":91,"minecraft:wooden_pickaxe":6,"minecraft:stone_axe":22,"minecraft:wooden_sword":24,"minecraft:cobblestone":4,"minecraft:sweet_berries":11,"minecraft:crafting_table":2,"minecraft:furnace":1,"minecraft:spruce_log":5},"minecraft:killed":{"minecraft:zombie":3},"minecraft:crafted":{"mores:silver_ingot":4,"minecraft:wooden_sword":1,"mores:tin_boots":1,"minecraft:cobblestone":9,"mores:tin_chestplate":1,"mores:tin_ingot":20,"minecraft:crafting_table":1,"minecraft:spruce_planks":20,"minecraft:stick":16,"mores:silver_battleaxe":1,"minecraft:wooden_pickaxe":1,"quark:sturdy_stone":1,"minecraft:stone_pickaxe":1,"minecraft:wooden_axe":1,"mores:tin_helmet":1,"minecraft:furnace":1,"minecraft:torch":24,"minecraft:stone_axe":1,"minecraft:air":0},"minecraft:custom":{"minecraft:time_since_rest":23154,"minecraft:interact_with_furnace":9,"minecraft:sprint_one_cm":31657,"minecraft:damage_taken":119,"minecraft:walk_one_cm":38868,"minecraft:mob_kills":3,"minecraft:drop":3,"minecraft:damage_dealt":631,"minecraft:interact_with_crafting_table":11,"minecraft:swim_one_cm":1148,"minecraft:fly_one_cm":38004,"minecraft:open_chest":1,"minecraft:crouch_one_cm":232,"minecraft:play_time":23154,"tombstone:undead_killed":3,"minecraft:sneak_time":49,"minecraft:walk_under_water_one_cm":1064,"minecraft:jump":211,"minecraft:walk_on_water_one_cm":2155,"minecraft:time_since_death":23154,"minecraft:total_world_time":23154,"minecraft:fall_one_cm":8147},"minecraft:dropped":{"alexsmobs:animal_dictionary":1,"minecraft:wooden_axe":1,"minecraft:wooden_pickaxe":1}},"DataVersion":3465}