{"stats":{"minecraft:picked_up":{"minecraft:crafting_table":1,"minecraft:iron_chestplate":1,"minecraft:leather":1,"minecraft:oak_log":5,"chococraft:gysahl_green_seeds":13,"minecraft:lapis_lazuli":1,"minecraft:blue_bed":5,"chococraft:gysahl_green":32,"minecraft:beef":2,"minecraft:gold_ingot":1,"minecraft:iron_boots":1},"minecraft:custom":{"minecraft:time_since_rest":5100,"minecraft:sprint_one_cm":25574,"minecraft:damage_taken":60,"minecraft:walk_one_cm":8873,"minecraft:mob_kills":2,"minecraft:drop":3,"minecraft:damage_dealt":200,"minecraft:interact_with_crafting_table":2,"minecraft:fly_one_cm":28430,"minecraft:open_chest":4,"minecraft:crouch_one_cm":115,"minecraft:play_time":5100,"minecraft:sneak_time":67,"minecraft:jump":97,"minecraft:leave_game":1,"minecraft:time_since_death":5100,"minecraft:total_world_time":5100,"minecraft:climb_one_cm":323,"minecraft:fall_one_cm":3958},"minecraft:mined":{"minecraft:crafting_table":1,"minecraft:grass":1,"chococraft:gysahl_green":13,"minecraft:oak_log":5,"minecraft:spruce_leaves":1,"minecraft:blue_bed":5,"minecraft:fern":1},"minecraft:used":{"minecraft:wooden_axe":3,"mores:wood_dagger":25,"chococraft:gysahl_green_seeds":12,"minecraft:crafting_table":1,"chococraft:gysahl_green":3},"minecraft:dropped":{"minecraft:lapis_lazuli":1,"chococraft:gysahl_green_seeds":1,"mores:sterling_helmet":1},"minecraft:killed":{"minecraft:cow":2},"minecraft:crafted":{"mores:wood_dagger":1,"minecraft:oak_planks":12,"minecraft:crafting_table":1,"minecraft:stick":4,"minecraft:wooden_axe":1}},"DataVersion":3465}