{"stats":{"minecraft:custom":{"minecraft:mob_kills":20,"minecraft:interact_with_crafting_table":8,"minecraft:open_barrel":5,"minecraft:leave_game":2,"minecraft:time_since_death":3143,"minecraft:sleep_in_bed":3,"minecraft:climb_one_cm":2674,"minecraft:damage_resisted":32,"minecraft:time_since_rest":3166,"minecraft:sprint_one_cm":201039,"minecraft:damage_absorbed":279,"minecraft:damage_taken":1815,"minecraft:walk_one_cm":105289,"minecraft:damage_blocked_by_shield":150,"minecraft:drop":85,"minecraft:damage_dealt":3369,"minecraft:play_time":48489,"minecraft:swim_one_cm":4705,"minecraft:fly_one_cm":227274,"minecraft:crouch_one_cm":582,"minecraft:open_chest":21,"minecraft:sneak_time":580,"minecraft:deaths":3,"minecraft:walk_under_water_one_cm":2747,"minecraft:jump":1122,"minecraft:interact_with_blast_furnace":4,"minecraft:walk_on_water_one_cm":4439,"minecraft:total_world_time":48489,"minecraft:fall_one_cm":41842},"minecraft:picked_up":{"minecraft:wooden_axe":2,"minecraft:stripped_oak_log":4,"minecraft:crafting_table":2,"minecraft:iron_chestplate":2,"chococraft:loverly_gysahl_green":11,"minecraft:leather":1,"minecraft:flint":1,"minecraft:oak_log":8,"minecraft:stone_brick_stairs":1,"mores:sterling_helmet":2,"minecraft:gunpowder":1,"minecraft:lapis_lazuli":1,"minecraft:string":58,"minecraft:oak_trapdoor":4,"minecraft:blue_bed":13,"mores:tourmaline_gem":5,"chococraft:chocobo_feather":1,"minecraft:bone":7,"chococraft:gysahl_green":355,"minecraft:apple":6,"minecraft:stone_bricks":1,"chococraft:gold_gysahl":3,"minecraft:bow":1,"minecraft:wheat_seeds":2,"minecraft:cobbled_deepslate":8,"minecraft:raw_gold":1,"minecraft:bucket":1,"minecraft:rabbit_hide":8,"minecraft:iron_ingot":2,"minecraft:beef":2,"minecraft:stone_pickaxe":3,"minecraft:diamond_helmet":1,"minecraft:glass_bottle":1,"minecraft:oak_planks":34,"minecraft:mossy_stone_brick_stairs":1,"mores:topaz_battleaxe":2,"minecraft:iron_boots":3,"minecraft:tipped_arrow":1,"minecraft:stick":5,"minecraft:raw_iron":17,"minecraft:torch":1,"minecraft:gravel":5,"chococraft:gysahl_green_seeds":30,"minecraft:music_disc_11":1,"minecraft:pointed_dripstone":6,"minecraft:spider_eye":11,"minecraft:iron_horse_armor":2,"alexsmobs:animal_dictionary":1,"minecraft:tnt":2,"minecraft:arrow":6,"minecraft:rotten_flesh":6,"mores:chocolate":1,"mores:anthracite":20,"minecraft:painting":2,"minecraft:gold_ingot":1,"minecraft:bread":5,"minecraft:iron_bars":9,"minecraft:coal":5,"minecraft:bone_block":40},"minecraft:mined":{"mores:deepslate_anthracite_ore":5,"minecraft:crafting_table":2,"minecraft:spruce_leaves":2,"minecraft:blue_bed":7,"minecraft:spawner":3,"minecraft:oak_trapdoor":1,"mores:deepslate_tourmaline_ore":5,"minecraft:iron_ore":8,"minecraft:cobbled_deepslate":2,"minecraft:stone_brick_stairs":1,"minecraft:grass":9,"minecraft:mossy_stone_brick_stairs":1,"minecraft:bookshelf":2,"chococraft:gysahl_green":35,"minecraft:oak_log":8,"minecraft:deepslate_iron_ore":10,"minecraft:vine":4,"minecraft:iron_bars":8,"minecraft:gravel":3,"minecraft:stripped_oak_log":4,"minecraft:stone_bricks":1,"minecraft:fern":1,"minecraft:deepslate":6},"minecraft:used":{"mores:topaz_battleaxe":58,"minecraft:water_bucket":1,"minecraft:iron_bars":4,"minecraft:stone_pickaxe":43,"minecraft:oak_planks":8,"minecraft:wooden_pickaxe":3,"minecraft:shield":4,"minecraft:blue_bed":2,"minecraft:torch":15,"minecraft:crafting_table":5,"minecraft:wooden_axe":5,"mores:wood_dagger":25,"chococraft:gysahl_green_seeds":12,"minecraft:iron_pickaxe":6,"mores:chocolate":2,"minecraft:stone_bricks":29,"minecraft:potion":3,"minecraft:gravel":4,"minecraft:beef":2,"minecraft:bucket":2,"chococraft:gysahl_green":69,"minecraft:cobbled_deepslate":5,"minecraft:golden_axe":10},"minecraft:dropped":{"mores:anthracite":10,"minecraft:oak_trapdoor":3,"minecraft:lapis_lazuli":1,"alexsmobs:animal_dictionary":1,"minecraft:glass_bottle":4,"minecraft:pointed_dripstone":5,"minecraft:rotten_flesh":6,"minecraft:iron_boots":1,"minecraft:mossy_stone_brick_stairs":1,"chococraft:gysahl_green_seeds":2,"mores:chocolate":1,"mores:sterling_helmet":1,"minecraft:music_disc_11":1,"minecraft:stick":7,"minecraft:rabbit_hide":8,"minecraft:wooden_axe":1,"minecraft:spider_eye":7,"minecraft:gold_nugget":11,"minecraft:painting":2,"minecraft:iron_bars":3,"minecraft:stone_pickaxe":2,"minecraft:wooden_pickaxe":1,"minecraft:string":51,"minecraft:stone_brick_stairs":1,"minecraft:bone":1},"minecraft:killed_by":{"minecraft:skeleton":1,"minecraft:creeper":1},"minecraft:killed":{"minecraft:cave_spider":1,"minecraft:spider":9,"minecraft:skeleton":1,"minecraft:zombie":4,"minecraft:stray":1,"minecraft:wither_skeleton":1,"minecraft:cow":2},"minecraft:crafted":{"minecraft:oak_planks":48,"minecraft:crafting_table":3,"minecraft:wooden_pickaxe":1,"minecraft:air":0,"mores:wood_dagger":1,"minecraft:stick":12,"minecraft:iron_pickaxe":1,"minecraft:iron_ingot":7,"minecraft:stone_pickaxe":1,"minecraft:wooden_axe":1,"minecraft:iron_leggings":1}},"DataVersion":3465}