{"stats":{"minecraft:mined":{"minecraft:podzol":1,"minecraft:quartz_block":3,"mores:cobalt_ore":1,"minecraft:crafting_table":1,"minecraft:torch":1,"minecraft:cave_vines_plant":1,"minecraft:dead_bush":1,"minecraft:spruce_leaves":6,"minecraft:rooted_dirt":1,"mores:tin_ore":12,"minecraft:spawner":14,"minecraft:mossy_cobblestone_stairs":2,"minecraft:iron_ore":5,"minecraft:sweet_berry_bush":19,"minecraft:spruce_log":19,"minecraft:grass":1,"minecraft:coal_ore":49,"minecraft:cave_vines":1,"minecraft:vine":4,"minecraft:iron_bars":10,"minecraft:gravel":1,"mores:silver_ore":4,"minecraft:cracked_stone_bricks":2,"minecraft:stone":33,"minecraft:stone_bricks":1,"minecraft:mossy_stone_bricks":1,"minecraft:fern":6},"minecraft:picked_up":{"minecraft:crafting_table":1,"minecraft:golden_boots":1,"minecraft:string":6,"minecraft:bone":2,"minecraft:cracked_stone_bricks":2,"minecraft:diamond_helmet":1,"minecraft:stick":1,"minecraft:raw_iron":5,"minecraft:sweet_berries":47,"minecraft:torch":1,"mores:raw_cobalt":1,"tombstone:grave_dust":2,"minecraft:spruce_log":27,"minecraft:spider_eye":1,"mores:tin_ingot":6,"mores:raw_tin":39,"minecraft:quartz_block":2,"minecraft:rotten_flesh":4,"minecraft:mossy_cobblestone_stairs":2,"mores:raw_silver":4,"minecraft:glow_berries":3,"minecraft:coal":49,"minecraft:iron_bars":8,"minecraft:cobblestone":33},"minecraft:used":{"minecraft:iron_bars":2,"mores:silver_battleaxe":63,"minecraft:stone_pickaxe":133,"minecraft:wooden_pickaxe":6,"minecraft:torch":27,"minecraft:golden_apple":1,"minecraft:crafting_table":3,"minecraft:spruce_log":5,"minecraft:wooden_axe":3,"minecraft:iron_pickaxe":7,"minecraft:bread":4,"minecraft:stone_axe":22,"minecraft:wooden_sword":24,"minecraft:potion":1,"minecraft:cobblestone":5,"minecraft:sweet_berries":32,"minecraft:furnace":2,"minecraft:bucket":2},"minecraft:killed":{"minecraft:cave_spider":5,"minecraft:spider":2,"minecraft:skeleton":1,"minecraft:zombie":8},"minecraft:custom":{"minecraft:interact_with_furnace":13,"minecraft:mob_kills":16,"minecraft:interact_with_crafting_table":16,"minecraft:time_since_death":41154,"minecraft:climb_one_cm":825,"minecraft:time_since_rest":41154,"minecraft:sprint_one_cm":129841,"minecraft:walk_one_cm":87343,"minecraft:damage_taken":417,"minecraft:damage_absorbed":40,"minecraft:drop":5,"minecraft:damage_dealt":2689,"minecraft:swim_one_cm":1148,"minecraft:fly_one_cm":56036,"minecraft:open_chest":33,"minecraft:crouch_one_cm":455,"minecraft:play_time":41154,"tombstone:undead_killed":9,"minecraft:sneak_time":139,"minecraft:walk_under_water_one_cm":1064,"minecraft:jump":309,"minecraft:walk_on_water_one_cm":3219,"minecraft:total_world_time":41154,"minecraft:fall_one_cm":9619},"minecraft:crafted":{"mores:silver_ingot":4,"minecraft:wooden_sword":1,"mores:tin_chestplate":1,"minecraft:crafting_table":2,"mores:cobalt_ingot":1,"minecraft:spruce_planks":24,"quark:sturdy_stone":1,"minecraft:wooden_pickaxe":1,"mores:silver_battleaxe":1,"mores:tin_helmet":1,"minecraft:furnace":2,"minecraft:bucket":2,"minecraft:stone_axe":1,"minecraft:air":0,"mores:tin_boots":1,"minecraft:cobblestone":9,"mores:tin_ingot":20,"minecraft:stick":16,"minecraft:iron_ingot":5,"minecraft:iron_pickaxe":1,"minecraft:stone_pickaxe":1,"minecraft:wooden_axe":1,"minecraft:torch":24},"minecraft:dropped":{"minecraft:stone_axe":1,"alexsmobs:animal_dictionary":1,"mores:tin_ingot":3,"minecraft:wooden_axe":1,"minecraft:wooden_pickaxe":1},"minecraft:broken":{"minecraft:stone_pickaxe":1}},"DataVersion":3465}