{"stats":{"minecraft:custom":{"minecraft:mob_kills":22,"minecraft:interact_with_crafting_table":8,"minecraft:open_barrel":5,"minecraft:leave_game":2,"minecraft:time_since_death":9191,"minecraft:climb_one_cm":2674,"minecraft:damage_resisted":107,"minecraft:sprint_one_cm":234704,"minecraft:walk_one_cm":127355,"minecraft:damage_blocked_by_shield":150,"minecraft:drop":86,"minecraft:play_time":60489,"minecraft:deaths":4,"minecraft:sneak_time":905,"minecraft:walk_under_water_one_cm":3277,"minecraft:jump":1466,"minecraft:interact_with_blast_furnace":4,"minecraft:walk_on_water_one_cm":5803,"minecraft:total_world_time":60489,"minecraft:sleep_in_bed":3,"minecraft:time_since_rest":9299,"minecraft:damage_taken":2309,"minecraft:damage_absorbed":496,"minecraft:damage_dealt":4570,"minecraft:swim_one_cm":7528,"minecraft:fly_one_cm":411030,"minecraft:open_chest":21,"minecraft:crouch_one_cm":665,"minecraft:fall_one_cm":51242},"minecraft:picked_up":{"minecraft:wooden_axe":2,"chococraft:loverly_gysahl_green":13,"minecraft:iron_chestplate":2,"minecraft:crafting_table":2,"mores:graphene_battleaxe":1,"minecraft:stone_brick_stairs":1,"mores:sterling_helmet":2,"minecraft:oak_trapdoor":4,"minecraft:string":58,"mores:tourmaline_gem":5,"minecraft:cobbled_deepslate":8,"minecraft:bucket":1,"minecraft:beef":2,"mores:graphene_leggings":1,"minecraft:enchanted_golden_apple":193,"minecraft:iron_boots":3,"minecraft:egg":1,"minecraft:tipped_arrow":1,"minecraft:stick":7,"minecraft:raw_iron":17,"minecraft:torch":1,"minecraft:music_disc_11":1,"minecraft:pointed_dripstone":6,"mores:graphene_boots":1,"minecraft:iron_horse_armor":2,"minecraft:tnt":2,"minecraft:rotten_flesh":7,"minecraft:arrow":6,"alexscaves:block_of_uranium":2,"minecraft:gold_ingot":1,"minecraft:mutton":1,"minecraft:bone_block":40,"minecraft:iron_bars":9,"minecraft:white_wool":1,"minecraft:cobblestone":5,"minecraft:stripped_oak_log":4,"minecraft:leather":1,"minecraft:flint":1,"minecraft:oak_log":9,"minecraft:gunpowder":1,"minecraft:lapis_lazuli":1,"minecraft:dirt":15,"minecraft:blue_bed":13,"chococraft:chocobo_feather":1,"minecraft:bone":7,"chococraft:gysahl_green":392,"minecraft:apple":6,"minecraft:stone_bricks":1,"chococraft:gold_gysahl":4,"minecraft:bow":1,"minecraft:wheat_seeds":5,"minecraft:raw_gold":1,"minecraft:rabbit_hide":8,"minecraft:iron_ingot":2,"minecraft:stone_pickaxe":3,"mores:graphene_chestplate":1,"minecraft:diamond_helmet":1,"minecraft:glass_bottle":1,"mores:graphene_helmet":1,"minecraft:mossy_stone_brick_stairs":1,"minecraft:oak_planks":34,"mores:topaz_battleaxe":2,"minecraft:gravel":8,"chococraft:gysahl_green_seeds":42,"alexsmobs:animal_dictionary":1,"minecraft:spider_eye":11,"mores:chocolate":1,"mores:anthracite":20,"minecraft:painting":2,"minecraft:bread":5,"minecraft:netherrack":1,"minecraft:coal":5},"minecraft:mined":{"minecraft:spruce_leaves":2,"minecraft:spawner":3,"minecraft:oak_trapdoor":1,"mores:deepslate_tourmaline_ore":5,"minecraft:iron_ore":8,"minecraft:cobbled_deepslate":2,"minecraft:mossy_stone_brick_stairs":1,"chococraft:gysahl_green":49,"minecraft:bookshelf":2,"minecraft:deepslate_iron_ore":10,"minecraft:vine":4,"minecraft:iron_bars":8,"minecraft:stripped_oak_log":4,"mores:deepslate_anthracite_ore":5,"minecraft:crafting_table":2,"minecraft:tall_grass":2,"minecraft:blue_bed":7,"minecraft:seagrass":1,"minecraft:stone_brick_stairs":1,"minecraft:grass":21,"minecraft:oak_log":8,"minecraft:gravel":3,"minecraft:stone_bricks":1,"minecraft:deepslate":6,"minecraft:fern":1},"minecraft:used":{"minecraft:iron_bars":4,"minecraft:flint_and_steel":1,"minecraft:shield":4,"minecraft:netherrack":1,"minecraft:torch":15,"minecraft:mutton":1,"minecraft:wooden_axe":5,"minecraft:stone_bricks":29,"minecraft:beef":2,"minecraft:egg":1,"minecraft:cobbled_deepslate":5,"minecraft:enchanted_golden_apple":2,"minecraft:golden_axe":10,"mores:topaz_battleaxe":58,"minecraft:water_bucket":1,"minecraft:stone_pickaxe":43,"minecraft:oak_planks":8,"minecraft:wooden_pickaxe":3,"minecraft:blue_bed":2,"minecraft:crafting_table":5,"mores:graphene_battleaxe":46,"mores:wood_dagger":25,"chococraft:gysahl_green_seeds":12,"minecraft:iron_pickaxe":6,"mores:chocolate":2,"minecraft:gravel":4,"minecraft:potion":3,"minecraft:bucket":2,"chococraft:gysahl_green":82,"alexscaves:nuclear_bomb":2},"minecraft:dropped":{"minecraft:wheat_seeds":1,"minecraft:lapis_lazuli":1,"minecraft:glass_bottle":4,"chococraft:gysahl_green_seeds":2,"minecraft:mossy_stone_brick_stairs":1,"minecraft:stick":7,"minecraft:music_disc_11":1,"minecraft:wooden_axe":1,"minecraft:gold_nugget":11,"minecraft:string":51,"minecraft:bone":1,"mores:anthracite":10,"minecraft:oak_trapdoor":3,"alexsmobs:animal_dictionary":1,"minecraft:pointed_dripstone":5,"minecraft:rotten_flesh":6,"minecraft:iron_boots":1,"mores:sterling_helmet":1,"mores:chocolate":1,"minecraft:rabbit_hide":8,"minecraft:spider_eye":7,"minecraft:painting":2,"minecraft:iron_bars":3,"minecraft:stone_pickaxe":2,"minecraft:wooden_pickaxe":1,"minecraft:stone_brick_stairs":1},"minecraft:killed_by":{"minecraft:creeper":1,"alexscaves:tremorzilla":1,"minecraft:skeleton":1},"minecraft:killed":{"minecraft:cave_spider":1,"minecraft:spider":9,"minecraft:skeleton":1,"minecraft:zombie":6,"minecraft:stray":1,"minecraft:wither_skeleton":1,"minecraft:cow":2},"minecraft:crafted":{"minecraft:oak_planks":48,"minecraft:stone_pickaxe":1,"minecraft:crafting_table":3,"minecraft:wooden_pickaxe":1,"minecraft:air":0,"mores:wood_dagger":1,"minecraft:stick":12,"minecraft:iron_ingot":7,"minecraft:iron_pickaxe":1,"minecraft:wooden_axe":1,"minecraft:iron_leggings":1}},"DataVersion":3465}