{"stats":{"minecraft:mined":{"minecraft:tuff":24,"minecraft:spruce_planks":1,"minecraft:deepslate_diamond_ore":12,"minecraft:cave_vines_plant":2,"minecraft:spruce_leaves":6,"minecraft:moss_block":1,"minecraft:rooted_dirt":1,"minecraft:spawner":28,"mores:deepslate_tourmaline_ore":9,"minecraft:mossy_cobblestone_stairs":2,"minecraft:iron_ore":5,"minecraft:deepslate_lapis_ore":3,"minecraft:nether_brick_stairs":3,"minecraft:cave_vines":1,"minecraft:deepslate_iron_ore":22,"minecraft:vine":4,"minecraft:iron_bars":14,"minecraft:stone":33,"minecraft:podzol":1,"minecraft:deepslate_redstone_ore":1,"mores:cobalt_ore":1,"minecraft:quartz_block":3,"minecraft:crafting_table":1,"minecraft:clay":1,"minecraft:torch":2,"minecraft:dead_bush":1,"mores:tin_ore":12,"minecraft:sweet_berry_bush":19,"minecraft:spruce_log":20,"minecraft:grass":1,"minecraft:coal_ore":49,"minecraft:gravel":2,"mores:silver_ore":4,"minecraft:cracked_stone_bricks":2,"minecraft:stone_bricks":1,"minecraft:mossy_stone_bricks":1,"mores:deepslate_topaz_ore":16,"minecraft:deepslate":27,"minecraft:fern":6},"minecraft:picked_up":{"minecraft:crafting_table":1,"minecraft:clay_ball":4,"minecraft:enchanted_book":1,"minecraft:string":6,"mores:tourmaline_gem":9,"minecraft:zombie_head":1,"minecraft:cracked_stone_bricks":2,"minecraft:cobbled_deepslate":1,"minecraft:spruce_planks":1,"minecraft:iron_pickaxe":2,"minecraft:raw_iron":27,"minecraft:stick":1,"minecraft:torch":2,"tombstone:grave_dust":2,"mores:topaz_gem":17,"mores:raw_tin":39,"quark:ancient_tome":1,"minecraft:quartz_block":2,"minecraft:rotten_flesh":19,"minecraft:arrow":2,"minecraft:tropical_fish":3,"minecraft:glow_berries":6,"minecraft:iron_bars":14,"minecraft:skeleton_skull":1,"minecraft:cobblestone":33,"minecraft:tuff":3,"minecraft:golden_boots":2,"tombstone:gift":1,"alexsmobs:unsettling_kimono":1,"minecraft:bone":7,"minecraft:apple":8,"minecraft:iron_ingot":1,"minecraft:cobweb":18,"minecraft:diamond_helmet":2,"minecraft:moss_block":1,"minecraft:sweet_berries":47,"mores:raw_cobalt":1,"minecraft:nether_brick_stairs":2,"minecraft:spruce_log":28,"minecraft:spider_eye":1,"mores:tin_ingot":6,"minecraft:bundle":1,"minecraft:diamond_shovel":1,"tombstone:familiar_stone":1,"minecraft:diamond":12,"minecraft:mossy_cobblestone_stairs":2,"mores:raw_silver":4,"minecraft:coal":68},"minecraft:used":{"minecraft:moss_block":1,"minecraft:iron_bars":2,"mores:silver_battleaxe":183,"minecraft:tropical_fish":3,"minecraft:spruce_planks":23,"minecraft:shield":9,"minecraft:iron_sword":4,"minecraft:torch":62,"minecraft:wooden_axe":3,"minecraft:golden_carrot":8,"minecraft:sweet_berries":32,"minecraft:furnace":2,"tombstone:gift":4,"minecraft:stone_pickaxe":133,"minecraft:wooden_pickaxe":6,"minecraft:golden_apple":1,"minecraft:crafting_table":3,"minecraft:spruce_log":7,"minecraft:diamond_pickaxe":28,"minecraft:bread":7,"minecraft:iron_pickaxe":119,"minecraft:stone_axe":22,"minecraft:cobblestone":5,"minecraft:wooden_sword":24,"minecraft:potion":1,"minecraft:bucket":2,"minecraft:experience_bottle":44},"minecraft:killed":{"minecraft:cave_spider":5,"minecraft:spider":4,"alexsmobs:murmur":1,"quark:toretoise":5,"minecraft:skeleton":3,"minecraft:zombie":18,"minecraft:stray":1,"minecraft:wither_skeleton":1},"minecraft:custom":{"minecraft:mob_kills":38,"minecraft:interact_with_crafting_table":16,"minecraft:open_barrel":2,"minecraft:leave_game":1,"minecraft:time_since_death":3562,"minecraft:climb_one_cm":1062,"minecraft:sprint_one_cm":260244,"minecraft:walk_one_cm":164582,"minecraft:damage_blocked_by_shield":325,"minecraft:drop":30,"minecraft:play_time":77839,"minecraft:deaths":1,"minecraft:sneak_time":505,"minecraft:walk_under_water_one_cm":1870,"minecraft:jump":922,"minecraft:walk_on_water_one_cm":13538,"minecraft:total_world_time":77839,"minecraft:interact_with_furnace":13,"minecraft:time_since_rest":2035,"minecraft:damage_taken":1602,"minecraft:damage_absorbed":40,"minecraft:damage_dealt":9019,"minecraft:fly_one_cm":149458,"minecraft:swim_one_cm":5822,"minecraft:open_chest":49,"minecraft:crouch_one_cm":1136,"tombstone:undead_killed":24,"minecraft:fall_one_cm":26870},"minecraft:crafted":{"minecraft:wooden_sword":1,"mores:silver_battleaxe":1,"quark:sturdy_stone":1,"minecraft:furnace":2,"mores:tin_ingot":20,"minecraft:stone_pickaxe":1,"mores:silver_ingot":4,"mores:tin_chestplate":1,"minecraft:crafting_table":2,"minecraft:spruce_planks":52,"mores:cobalt_ingot":1,"minecraft:wooden_pickaxe":1,"mores:tin_helmet":1,"minecraft:bucket":2,"minecraft:stone_axe":1,"minecraft:air":0,"mores:tin_boots":1,"minecraft:cobblestone":9,"minecraft:stick":16,"minecraft:iron_ingot":5,"minecraft:iron_pickaxe":1,"minecraft:wooden_axe":1,"minecraft:torch":60,"tombstone:bone_needle":1},"minecraft:dropped":{"minecraft:golden_boots":2,"minecraft:glow_berries":3,"minecraft:apple":16,"mores:tin_ingot":3,"minecraft:cobweb":12,"minecraft:wooden_axe":1,"minecraft:diamond_helmet":1,"minecraft:iron_pickaxe":1,"minecraft:iron_shovel":1,"minecraft:stone_axe":1,"tombstone:familiar_stone":1,"alexsmobs:animal_dictionary":1,"minecraft:cobbled_deepslate":1,"minecraft:tuff":3,"minecraft:rotten_flesh":15,"minecraft:clay_ball":4,"minecraft:iron_bars":6,"minecraft:wooden_pickaxe":1},"minecraft:killed_by":{"alexsmobs:centipede_head":1},"minecraft:broken":{"minecraft:stone_pickaxe":1}},"DataVersion":3465}