{"stats":{"minecraft:mined":{"minecraft:podzol":1,"minecraft:spruce_planks":1,"minecraft:quartz_block":3,"mores:cobalt_ore":1,"minecraft:crafting_table":1,"minecraft:torch":1,"minecraft:cave_vines_plant":1,"minecraft:dead_bush":1,"minecraft:spruce_leaves":6,"minecraft:rooted_dirt":1,"mores:tin_ore":12,"minecraft:spawner":28,"minecraft:mossy_cobblestone_stairs":2,"minecraft:iron_ore":5,"minecraft:sweet_berry_bush":19,"minecraft:spruce_log":20,"minecraft:nether_brick_stairs":3,"minecraft:grass":1,"minecraft:coal_ore":49,"minecraft:cave_vines":1,"minecraft:vine":4,"minecraft:iron_bars":14,"minecraft:gravel":1,"mores:silver_ore":4,"minecraft:cracked_stone_bricks":2,"minecraft:stone":33,"minecraft:stone_bricks":1,"minecraft:mossy_stone_bricks":1,"minecraft:fern":6},"minecraft:picked_up":{"minecraft:crafting_table":1,"minecraft:enchanted_book":1,"minecraft:golden_boots":2,"minecraft:string":6,"tombstone:gift":1,"minecraft:bone":5,"minecraft:cracked_stone_bricks":2,"minecraft:spruce_planks":1,"minecraft:diamond_helmet":2,"minecraft:stick":1,"minecraft:raw_iron":5,"minecraft:sweet_berries":47,"minecraft:torch":1,"minecraft:nether_brick_stairs":2,"mores:raw_cobalt":1,"tombstone:grave_dust":2,"minecraft:spruce_log":28,"minecraft:spider_eye":1,"mores:tin_ingot":6,"mores:raw_tin":39,"minecraft:diamond_shovel":1,"minecraft:quartz_block":2,"minecraft:rotten_flesh":7,"minecraft:mossy_cobblestone_stairs":2,"mores:raw_silver":4,"minecraft:glow_berries":6,"minecraft:coal":50,"minecraft:iron_bars":14,"minecraft:cobblestone":33},"minecraft:used":{"minecraft:iron_bars":2,"mores:silver_battleaxe":95,"minecraft:stone_pickaxe":133,"minecraft:spruce_planks":11,"minecraft:wooden_pickaxe":6,"minecraft:iron_sword":3,"minecraft:torch":52,"minecraft:golden_apple":1,"minecraft:crafting_table":3,"minecraft:spruce_log":7,"minecraft:wooden_axe":3,"minecraft:iron_pickaxe":32,"minecraft:bread":7,"minecraft:stone_axe":22,"minecraft:wooden_sword":24,"minecraft:potion":1,"minecraft:cobblestone":5,"minecraft:sweet_berries":32,"minecraft:furnace":2,"minecraft:bucket":2,"tombstone:gift":2},"minecraft:killed":{"minecraft:cave_spider":5,"minecraft:spider":2,"minecraft:skeleton":1,"minecraft:zombie":12,"minecraft:stray":1,"minecraft:wither_skeleton":1},"minecraft:custom":{"minecraft:interact_with_furnace":13,"minecraft:mob_kills":22,"minecraft:interact_with_crafting_table":16,"minecraft:time_since_death":53154,"minecraft:climb_one_cm":825,"minecraft:time_since_rest":53154,"minecraft:sprint_one_cm":187411,"minecraft:walk_one_cm":114738,"minecraft:damage_taken":542,"minecraft:damage_absorbed":40,"minecraft:drop":16,"minecraft:damage_dealt":3889,"minecraft:swim_one_cm":1441,"minecraft:fly_one_cm":65852,"minecraft:open_chest":48,"minecraft:crouch_one_cm":1136,"minecraft:play_time":53154,"tombstone:undead_killed":15,"minecraft:sneak_time":505,"minecraft:walk_under_water_one_cm":1114,"minecraft:jump":391,"minecraft:walk_on_water_one_cm":6996,"minecraft:total_world_time":53154,"minecraft:fall_one_cm":9619},"minecraft:crafted":{"mores:silver_ingot":4,"minecraft:wooden_sword":1,"mores:tin_chestplate":1,"minecraft:crafting_table":2,"mores:cobalt_ingot":1,"minecraft:spruce_planks":52,"quark:sturdy_stone":1,"minecraft:wooden_pickaxe":1,"mores:silver_battleaxe":1,"mores:tin_helmet":1,"minecraft:furnace":2,"minecraft:bucket":2,"minecraft:stone_axe":1,"minecraft:air":0,"mores:tin_boots":1,"minecraft:cobblestone":9,"mores:tin_ingot":20,"minecraft:stick":16,"minecraft:iron_ingot":5,"minecraft:iron_pickaxe":1,"minecraft:stone_pickaxe":1,"minecraft:wooden_axe":1,"minecraft:torch":60},"minecraft:dropped":{"minecraft:golden_boots":2,"minecraft:stone_axe":1,"alexsmobs:animal_dictionary":1,"minecraft:glow_berries":3,"minecraft:rotten_flesh":3,"mores:tin_ingot":3,"minecraft:wooden_axe":1,"minecraft:diamond_helmet":1,"minecraft:iron_bars":6,"minecraft:wooden_pickaxe":1,"minecraft:iron_shovel":1},"minecraft:broken":{"minecraft:stone_pickaxe":1}},"DataVersion":3465}