{"stats":{"minecraft:mined":{"minecraft:podzol":1,"minecraft:iron_ore":1,"minecraft:sweet_berry_bush":18,"minecraft:spruce_log":7,"minecraft:crafting_table":1,"minecraft:grass":1,"minecraft:coal_ore":36,"minecraft:dead_bush":1,"mores:silver_ore":4,"minecraft:spruce_leaves":1,"minecraft:stone":24,"mores:tin_ore":12,"minecraft:rooted_dirt":1,"minecraft:fern":5},"minecraft:picked_up":{"minecraft:stick":1,"minecraft:crafting_table":1,"minecraft:raw_iron":1,"minecraft:sweet_berries":41,"minecraft:spruce_log":7,"mores:raw_tin":39,"mores:raw_silver":4,"minecraft:coal":36,"minecraft:cobblestone":24},"minecraft:used":{"minecraft:wooden_axe":3,"minecraft:stone_pickaxe":72,"minecraft:wooden_pickaxe":6,"minecraft:stone_axe":3,"minecraft:wooden_sword":24,"minecraft:cobblestone":1,"minecraft:crafting_table":1},"minecraft:crafted":{"minecraft:wooden_sword":1,"minecraft:crafting_table":1,"minecraft:spruce_planks":20,"minecraft:stick":12,"minecraft:wooden_pickaxe":1,"minecraft:stone_pickaxe":1,"minecraft:wooden_axe":1,"minecraft:stone_axe":1},"minecraft:custom":{"minecraft:time_since_rest":11154,"minecraft:sprint_one_cm":23203,"minecraft:damage_taken":20,"minecraft:walk_one_cm":16105,"minecraft:drop":3,"minecraft:damage_dealt":40,"minecraft:interact_with_crafting_table":5,"minecraft:swim_one_cm":1148,"minecraft:fly_one_cm":34745,"minecraft:crouch_one_cm":9,"minecraft:play_time":11154,"minecraft:sneak_time":18,"minecraft:walk_under_water_one_cm":128,"minecraft:jump":183,"minecraft:walk_on_water_one_cm":562,"minecraft:time_since_death":11154,"minecraft:total_world_time":11154,"minecraft:fall_one_cm":6920},"minecraft:dropped":{"alexsmobs:animal_dictionary":1,"minecraft:wooden_axe":1,"minecraft:wooden_pickaxe":1}},"DataVersion":3465}