{"stats":{"minecraft:custom":{"minecraft:mob_kills":14,"minecraft:interact_with_crafting_table":5,"minecraft:open_barrel":1,"minecraft:leave_game":1,"minecraft:time_since_death":10186,"minecraft:sleep_in_bed":3,"minecraft:climb_one_cm":579,"minecraft:time_since_rest":6603,"minecraft:sprint_one_cm":133476,"minecraft:damage_taken":987,"minecraft:walk_one_cm":63856,"minecraft:damage_blocked_by_shield":50,"minecraft:drop":59,"minecraft:damage_dealt":2002,"minecraft:swim_one_cm":73,"minecraft:fly_one_cm":129831,"minecraft:open_chest":16,"minecraft:crouch_one_cm":424,"minecraft:play_time":29100,"minecraft:deaths":1,"minecraft:sneak_time":487,"minecraft:walk_under_water_one_cm":2107,"minecraft:jump":657,"minecraft:walk_on_water_one_cm":3594,"minecraft:total_world_time":29100,"minecraft:fall_one_cm":27634},"minecraft:picked_up":{"minecraft:wooden_axe":2,"chococraft:loverly_gysahl_green":8,"minecraft:iron_chestplate":2,"minecraft:crafting_table":1,"minecraft:leather":1,"minecraft:flint":1,"minecraft:stone_brick_stairs":1,"minecraft:oak_log":5,"mores:sterling_helmet":2,"minecraft:gunpowder":1,"minecraft:blue_bed":12,"minecraft:lapis_lazuli":1,"minecraft:string":26,"minecraft:oak_trapdoor":4,"minecraft:bone":3,"chococraft:gysahl_green":312,"minecraft:apple":6,"chococraft:gold_gysahl":3,"minecraft:bow":1,"minecraft:bucket":1,"minecraft:raw_gold":1,"minecraft:cobbled_deepslate":8,"minecraft:rabbit_hide":8,"minecraft:beef":2,"minecraft:stone_pickaxe":1,"minecraft:mossy_stone_brick_stairs":1,"minecraft:oak_planks":5,"mores:topaz_battleaxe":2,"minecraft:iron_boots":3,"minecraft:stick":1,"minecraft:raw_iron":17,"minecraft:torch":1,"minecraft:gravel":5,"chococraft:gysahl_green_seeds":13,"minecraft:music_disc_11":1,"minecraft:pointed_dripstone":6,"minecraft:spider_eye":6,"minecraft:iron_horse_armor":2,"alexsmobs:animal_dictionary":1,"minecraft:tnt":2,"minecraft:arrow":3,"minecraft:rotten_flesh":6,"mores:chocolate":1,"mores:anthracite":10,"minecraft:painting":2,"minecraft:gold_ingot":1,"minecraft:bread":5,"minecraft:iron_bars":5,"minecraft:coal":5,"minecraft:bone_block":40},"minecraft:mined":{"mores:deepslate_anthracite_ore":5,"minecraft:crafting_table":1,"minecraft:spruce_leaves":2,"minecraft:blue_bed":7,"minecraft:spawner":3,"minecraft:oak_trapdoor":1,"minecraft:iron_ore":8,"minecraft:cobbled_deepslate":2,"minecraft:stone_brick_stairs":1,"minecraft:bookshelf":2,"minecraft:vine":2,"minecraft:mossy_stone_brick_stairs":1,"minecraft:grass":1,"chococraft:gysahl_green":13,"minecraft:oak_log":5,"minecraft:deepslate_iron_ore":10,"minecraft:iron_bars":6,"minecraft:gravel":3,"minecraft:deepslate":5,"minecraft:fern":1},"minecraft:used":{"mores:topaz_battleaxe":31,"minecraft:stone_pickaxe":39,"minecraft:shield":1,"minecraft:wooden_pickaxe":3,"minecraft:blue_bed":2,"minecraft:torch":12,"minecraft:crafting_table":2,"minecraft:wooden_axe":5,"mores:wood_dagger":25,"chococraft:gysahl_green_seeds":12,"mores:chocolate":2,"minecraft:gravel":4,"minecraft:beef":2,"minecraft:bucket":1,"chococraft:gysahl_green":39,"minecraft:cobbled_deepslate":5,"minecraft:golden_axe":4},"minecraft:dropped":{"minecraft:oak_trapdoor":3,"minecraft:lapis_lazuli":1,"alexsmobs:animal_dictionary":1,"minecraft:pointed_dripstone":5,"minecraft:rotten_flesh":6,"minecraft:iron_boots":1,"minecraft:mossy_stone_brick_stairs":1,"chococraft:gysahl_green_seeds":1,"mores:sterling_helmet":1,"mores:chocolate":1,"minecraft:stick":1,"minecraft:music_disc_11":1,"minecraft:rabbit_hide":8,"minecraft:wooden_axe":1,"minecraft:gold_nugget":11,"minecraft:spider_eye":3,"minecraft:painting":2,"minecraft:iron_bars":3,"minecraft:wooden_pickaxe":1,"minecraft:string":7,"minecraft:stone_brick_stairs":1,"minecraft:bone":1},"minecraft:killed_by":{"minecraft:creeper":1},"minecraft:killed":{"minecraft:cave_spider":1,"minecraft:spider":6,"minecraft:zombie":4,"minecraft:stray":1,"minecraft:cow":2},"minecraft:crafted":{"minecraft:oak_planks":20,"minecraft:crafting_table":1,"minecraft:wooden_pickaxe":1,"mores:wood_dagger":1,"minecraft:stick":8,"minecraft:stone_pickaxe":1,"minecraft:wooden_axe":1}},"DataVersion":3465}