{"stats":{"minecraft:mined":{"minecraft:large_fern":2,"minecraft:grass":2,"minecraft:sweet_berry_bush":27,"minecraft:spruce_log":35,"minecraft:fern":2,"minecraft:crafting_table":1},"minecraft:picked_up":{"minecraft:crafting_table":1,"minecraft:sweet_berries":63,"minecraft:wheat_seeds":1,"minecraft:spruce_log":35},"minecraft:used":{"minecraft:wooden_axe":29,"minecraft:sweet_berries":5,"minecraft:crafting_table":1},"minecraft:crafted":{"minecraft:crafting_table":1,"minecraft:spruce_planks":24,"minecraft:stick":4,"minecraft:wooden_pickaxe":1,"minecraft:wooden_axe":1},"minecraft:custom":{"minecraft:time_since_rest":6020,"minecraft:play_time":6020,"minecraft:sprint_one_cm":3477,"minecraft:damage_taken":30,"minecraft:walk_one_cm":10986,"minecraft:drop":2,"minecraft:jump":56,"minecraft:time_since_death":6020,"minecraft:total_world_time":6020,"minecraft:fall_one_cm":1103,"minecraft:interact_with_crafting_table":1,"minecraft:fly_one_cm":8229},"minecraft:dropped":{"minecraft:wheat_seeds":1,"alexsmobs:animal_dictionary":1}},"DataVersion":3465}