{"stats":{"minecraft:mined":{"minecraft:large_fern":2,"minecraft:spruce_planks":3,"minecraft:sweet_berry_bush":29,"minecraft:spruce_log":37,"minecraft:crafting_table":1,"minecraft:grass":2,"chococraft:gysahl_green":40,"minecraft:cracked_stone_bricks":1,"minecraft:stone_bricks":4,"minecraft:fern":4,"minecraft:spawner":2},"minecraft:picked_up":{"minecraft:crafting_table":1,"chococraft:loverly_gysahl_green":5,"minecraft:sweet_berries":71,"chococraft:gysahl_green_seeds":40,"tombstone:grave_dust":1,"minecraft:spruce_log":37,"minecraft:bundle":1,"minecraft:bone":7,"minecraft:arrow":9,"chococraft:gysahl_green":110,"minecraft:stone_bricks":4,"minecraft:bow":1,"chococraft:gold_gysahl":2,"minecraft:cracked_stone_bricks":1,"minecraft:wheat_seeds":1,"minecraft:spruce_planks":3},"minecraft:used":{"minecraft:wooden_axe":78,"mores:emerald_pickaxe":5,"minecraft:spruce_planks":12,"minecraft:wooden_pickaxe":2,"minecraft:stone_bricks":3,"minecraft:sweet_berries":43,"minecraft:crafting_table":2,"mores:emerald_sword":14,"tombstone:gift":2,"minecraft:spruce_log":1},"minecraft:killed":{"minecraft:skeleton":4},"minecraft:crafted":{"mores:emerald_helmet":1,"minecraft:crafting_table":1,"minecraft:spruce_planks":144,"minecraft:stick":8,"minecraft:wooden_pickaxe":1,"minecraft:wooden_axe":1,"mores:emerald_pickaxe":1,"mores:emerald_chestplate":1,"mores:emerald_sword":1},"minecraft:custom":{"minecraft:time_since_rest":10003,"minecraft:sprint_one_cm":43136,"minecraft:damage_taken":619,"minecraft:walk_one_cm":43312,"minecraft:mob_kills":5,"minecraft:drop":2,"minecraft:damage_dealt":611,"minecraft:interact_with_crafting_table":3,"minecraft:fly_one_cm":32679,"minecraft:open_chest":3,"minecraft:crouch_one_cm":1195,"minecraft:play_time":24020,"tombstone:undead_killed":4,"minecraft:deaths":1,"minecraft:sneak_time":389,"minecraft:jump":169,"minecraft:time_since_death":10160,"minecraft:total_world_time":24020,"minecraft:fall_one_cm":5794},"minecraft:dropped":{"minecraft:wheat_seeds":1,"alexsmobs:animal_dictionary":1},"minecraft:killed_by":{"minecraft:skeleton":1}},"DataVersion":3465}