{"stats":{"minecraft:mined":{"minecraft:large_fern":2,"minecraft:spruce_planks":5,"minecraft:iron_ore":15,"minecraft:sweet_berry_bush":29,"minecraft:spruce_log":37,"minecraft:andesite":2,"minecraft:crafting_table":1,"minecraft:cave_vines_plant":1,"minecraft:coal_ore":5,"minecraft:grass":2,"chococraft:gysahl_green":40,"minecraft:cracked_stone_bricks":2,"minecraft:stone":8,"minecraft:stone_bricks":7,"minecraft:diorite":5,"minecraft:fern":4,"minecraft:spawner":2},"minecraft:picked_up":{"chococraft:loverly_gysahl_green":5,"minecraft:crafting_table":1,"minecraft:raw_iron":15,"minecraft:sweet_berries":71,"minecraft:andesite":2,"chococraft:gysahl_green_seeds":40,"tombstone:grave_dust":1,"minecraft:diorite":5,"minecraft:spruce_log":37,"minecraft:bundle":1,"minecraft:bone":7,"minecraft:arrow":9,"chococraft:gysahl_green":110,"minecraft:stone_bricks":6,"minecraft:cracked_stone_bricks":2,"chococraft:gold_gysahl":2,"minecraft:bow":1,"minecraft:wheat_seeds":1,"minecraft:spruce_planks":5,"minecraft:glow_berries":1,"minecraft:coal":5,"minecraft:cobblestone":8},"minecraft:used":{"minecraft:wooden_axe":80,"mores:emerald_pickaxe":44,"minecraft:wooden_pickaxe":2,"minecraft:spruce_planks":31,"minecraft:stone_bricks":3,"minecraft:sweet_berries":69,"minecraft:crafting_table":2,"minecraft:andesite":2,"mores:emerald_sword":20,"tombstone:gift":2,"minecraft:spruce_log":1},"minecraft:killed":{"minecraft:skeleton":6},"minecraft:crafted":{"mores:emerald_helmet":1,"minecraft:crafting_table":1,"minecraft:spruce_planks":144,"minecraft:stick":8,"minecraft:wooden_pickaxe":1,"minecraft:wooden_axe":1,"mores:emerald_pickaxe":1,"mores:emerald_chestplate":1,"mores:emerald_sword":1},"minecraft:custom":{"minecraft:time_since_rest":20921,"minecraft:sprint_one_cm":45603,"minecraft:damage_taken":730,"minecraft:walk_one_cm":53361,"minecraft:mob_kills":7,"minecraft:drop":2,"minecraft:damage_dealt":909,"minecraft:interact_with_crafting_table":3,"minecraft:fly_one_cm":34341,"minecraft:open_chest":4,"minecraft:crouch_one_cm":2769,"minecraft:play_time":34938,"tombstone:undead_killed":6,"minecraft:deaths":1,"minecraft:sneak_time":782,"minecraft:jump":184,"minecraft:leave_game":1,"minecraft:time_since_death":21078,"minecraft:walk_on_water_one_cm":354,"minecraft:total_world_time":34938,"minecraft:fall_one_cm":5794},"minecraft:dropped":{"minecraft:wheat_seeds":1,"alexsmobs:animal_dictionary":1},"minecraft:killed_by":{"minecraft:skeleton":1}},"DataVersion":3465}