{"stats":{"minecraft:mined":{"minecraft:spruce_planks":10,"minecraft:crafting_table":1,"minecraft:cave_vines_plant":3,"minecraft:moss_block":2,"minecraft:diorite":5,"minecraft:spawner":2,"minecraft:large_fern":2,"minecraft:iron_ore":15,"minecraft:sweet_berry_bush":29,"minecraft:spruce_log":37,"minecraft:andesite":5,"minecraft:moss_carpet":2,"minecraft:grass":2,"chococraft:gysahl_green":40,"minecraft:coal_ore":25,"minecraft:cave_vines":7,"mores:silver_ore":15,"minecraft:cracked_stone_bricks":2,"minecraft:stone_bricks":7,"minecraft:stone":35,"minecraft:fern":4},"minecraft:picked_up":{"minecraft:crafting_table":1,"chococraft:loverly_gysahl_green":5,"minecraft:andesite":5,"minecraft:gunpowder":1,"minecraft:bone":7,"chococraft:gysahl_green":110,"minecraft:stone_bricks":6,"minecraft:bow":1,"chococraft:gold_gysahl":2,"minecraft:cracked_stone_bricks":2,"minecraft:wheat_seeds":1,"minecraft:spruce_planks":10,"minecraft:moss_block":2,"minecraft:raw_iron":15,"minecraft:sweet_berries":71,"chococraft:gysahl_green_seeds":40,"tombstone:grave_dust":1,"minecraft:diorite":5,"minecraft:spruce_log":37,"minecraft:bundle":1,"minecraft:arrow":9,"minecraft:rotten_flesh":2,"mores:raw_silver":15,"minecraft:glow_berries":1,"minecraft:coal":25,"minecraft:cobblestone":33},"minecraft:used":{"mores:emerald_pickaxe":109,"minecraft:spruce_planks":49,"minecraft:wooden_pickaxe":2,"minecraft:shield":1,"minecraft:torch":1,"minecraft:crafting_table":2,"mores:emerald_sword":32,"minecraft:spruce_log":1,"minecraft:wooden_axe":85,"minecraft:stone_bricks":3,"minecraft:sweet_berries":77,"minecraft:andesite":2,"tombstone:gift":2},"minecraft:killed":{"minecraft:creeper":1,"minecraft:skeleton":6,"minecraft:zombie":1},"minecraft:crafted":{"minecraft:crafting_table":1,"minecraft:spruce_planks":144,"minecraft:wooden_pickaxe":1,"mores:emerald_pickaxe":1,"mores:emerald_helmet":1,"minecraft:stick":8,"minecraft:wooden_axe":1,"mores:emerald_chestplate":1,"mores:emerald_sword":1},"minecraft:custom":{"minecraft:mob_kills":9,"minecraft:interact_with_crafting_table":3,"minecraft:leave_game":1,"minecraft:time_since_death":33078,"minecraft:climb_one_cm":332,"minecraft:time_since_rest":32921,"minecraft:sprint_one_cm":50394,"minecraft:damage_taken":746,"minecraft:walk_one_cm":64218,"minecraft:damage_blocked_by_shield":30,"minecraft:drop":2,"minecraft:damage_dealt":1226,"minecraft:fly_one_cm":37179,"minecraft:open_chest":4,"minecraft:crouch_one_cm":3146,"minecraft:deaths":1,"minecraft:play_time":46938,"tombstone:undead_killed":7,"minecraft:sneak_time":958,"minecraft:jump":244,"minecraft:walk_on_water_one_cm":1305,"minecraft:total_world_time":46938,"minecraft:fall_one_cm":6214},"minecraft:dropped":{"minecraft:wheat_seeds":1,"alexsmobs:animal_dictionary":1},"minecraft:killed_by":{"minecraft:skeleton":1}},"DataVersion":3465}