{"stats":{"minecraft:custom":{"minecraft:mob_kills":35,"minecraft:interact_with_crafting_table":3,"minecraft:open_barrel":1,"minecraft:time_since_death":16569,"minecraft:sleep_in_bed":4,"minecraft:climb_one_cm":2521,"minecraft:time_since_rest":4412,"minecraft:sprint_one_cm":180194,"minecraft:damage_absorbed":70,"minecraft:damage_taken":1484,"minecraft:walk_one_cm":183650,"minecraft:damage_blocked_by_shield":1085,"minecraft:drop":32,"minecraft:damage_dealt":6152,"minecraft:swim_one_cm":10413,"minecraft:fly_one_cm":415398,"minecraft:open_chest":40,"minecraft:deaths":1,"minecraft:crouch_one_cm":1064,"minecraft:play_time":109720,"minecraft:sneak_time":476,"minecraft:walk_under_water_one_cm":5057,"minecraft:jump":1746,"minecraft:walk_on_water_one_cm":4164,"minecraft:total_world_time":109720,"minecraft:fall_one_cm":50506},"minecraft:picked_up":{"minecraft:crafting_table":2,"chococraft:loverly_gysahl_green":17,"minecraft:wheat":1,"minecraft:golden_leggings":1,"minecraft:chainmail_chestplate":1,"minecraft:shield":1,"minecraft:dirt":2,"minecraft:string":3,"minecraft:blue_bed":6,"minecraft:iron_axe":2,"mores:tourmaline_gem":5,"minecraft:item_frame":1,"chococraft:gysahl_green":301,"chococraft:gold_gysahl":3,"minecraft:wheat_seeds":5,"minecraft:cobbled_deepslate":8,"minecraft:raw_gold":3,"minecraft:iron_ingot":3,"minecraft:iron_sword":1,"minecraft:furnace":1,"minecraft:stick":2,"minecraft:raw_iron":15,"minecraft:lava_bucket":1,"chococraft:gysahl_green_seeds":97,"mores:raw_cobalt":1,"mores:topaz_gem":11,"minecraft:spruce_log":22,"minecraft:arrow":1,"minecraft:light_gray_bed":1,"minecraft:rotten_flesh":5,"minecraft:diamond":1,"mores:anthracite":3,"minecraft:painting":2,"minecraft:gold_ingot":1,"minecraft:bread":20,"minecraft:iron_bars":3,"minecraft:coal":15},"minecraft:mined":{"minecraft:deepslate_diamond_ore":1,"mores:deepslate_anthracite_ore":3,"minecraft:crafting_table":2,"minecraft:grass_block":2,"minecraft:light_gray_bed":1,"minecraft:tall_grass":1,"minecraft:spruce_leaves":7,"minecraft:deepslate_gold_ore":4,"minecraft:blue_bed":6,"minecraft:spawner":12,"minecraft:oak_trapdoor":2,"mores:deepslate_tourmaline_ore":5,"minecraft:furnace":1,"minecraft:spruce_log":22,"minecraft:tnt":1,"mores:deepslate_cobalt_ore":1,"minecraft:grass":28,"chococraft:gysahl_green":106,"minecraft:pointed_dripstone":3,"minecraft:coal_ore":15,"minecraft:deepslate_iron_ore":5,"minecraft:iron_bars":4,"minecraft:cobweb":7,"mores:deepslate_topaz_ore":11,"minecraft:deepslate":4},"minecraft:used":{"mores:topaz_battleaxe":92,"minecraft:water_bucket":14,"minecraft:wooden_pickaxe":1,"minecraft:spruce_planks":8,"minecraft:shield":25,"minecraft:blue_bed":1,"minecraft:golden_apple":2,"minecraft:dirt":1,"minecraft:crafting_table":2,"minecraft:wooden_axe":1,"minecraft:lava_bucket":1,"chococraft:gysahl_green_seeds":49,"minecraft:iron_axe":20,"minecraft:bread":24,"minecraft:iron_pickaxe":69,"minecraft:item_frame":1,"minecraft:stone_axe":23,"minecraft:potion":2,"minecraft:bucket":15,"chococraft:gysahl_green":18},"minecraft:dropped":{"mores:topaz_battleaxe":1,"chococraft:loverly_gysahl_green":8,"minecraft:wheat_seeds":5,"alexsmobs:animal_dictionary":1,"minecraft:glass_bottle":1,"minecraft:wheat":1,"minecraft:iron_boots":1,"minecraft:apple":6,"chococraft:gysahl_green_seeds":48,"mores:sterling_helmet":1,"minecraft:dirt":1,"minecraft:shield":2,"minecraft:iron_chestplate":1,"minecraft:painting":2,"minecraft:bucket":1,"chococraft:gysahl_green":138},"minecraft:killed_by":{"minecraft:zombie":1},"minecraft:killed":{"minecraft:cave_spider":5,"minecraft:spider":6,"minecraft:creeper":1,"minecraft:skeleton":3,"minecraft:zombie":13,"minecraft:stray":3,"alexsmobs:centipede_head":1,"minecraft:wither_skeleton":1},"minecraft:crafted":{"minecraft:crafting_table":1,"minecraft:spruce_planks":80,"minecraft:wooden_pickaxe":1,"mores:topaz_battleaxe":2,"minecraft:shield":1,"minecraft:stick":12,"minecraft:wooden_axe":1}},"DataVersion":3465}