{"stats":{"minecraft:picked_up":{"minecraft:raw_iron":2,"chococraft:loverly_gysahl_green":8,"minecraft:stick":2,"minecraft:crafting_table":2,"minecraft:lava_bucket":1,"chococraft:gysahl_green_seeds":46,"mores:topaz_gem":10,"minecraft:spruce_log":22,"minecraft:blue_bed":6,"minecraft:iron_axe":2,"mores:tourmaline_gem":1,"minecraft:rotten_flesh":4,"minecraft:light_gray_bed":1,"chococraft:gysahl_green":147,"minecraft:diamond":1,"chococraft:gold_gysahl":3,"minecraft:cobbled_deepslate":3,"mores:anthracite":2,"minecraft:painting":2,"minecraft:gold_ingot":1,"minecraft:bread":4,"minecraft:coal":15,"minecraft:furnace":1},"minecraft:custom":{"minecraft:time_since_rest":7948,"minecraft:sprint_one_cm":60460,"minecraft:damage_taken":294,"minecraft:walk_one_cm":85745,"minecraft:mob_kills":11,"minecraft:drop":8,"minecraft:damage_dealt":1907,"minecraft:interact_with_crafting_table":3,"minecraft:fly_one_cm":166777,"minecraft:open_barrel":1,"minecraft:open_chest":15,"minecraft:crouch_one_cm":1064,"minecraft:play_time":25720,"minecraft:sneak_time":466,"minecraft:jump":733,"minecraft:walk_on_water_one_cm":1142,"minecraft:time_since_death":25720,"minecraft:sleep_in_bed":3,"minecraft:climb_one_cm":298,"minecraft:total_world_time":25720,"minecraft:fall_one_cm":25218},"minecraft:mined":{"minecraft:oak_trapdoor":2,"mores:deepslate_tourmaline_ore":1,"minecraft:furnace":1,"minecraft:deepslate_diamond_ore":1,"mores:deepslate_anthracite_ore":2,"minecraft:spruce_log":22,"minecraft:tnt":1,"minecraft:crafting_table":2,"minecraft:coal_ore":15,"minecraft:pointed_dripstone":2,"minecraft:grass":3,"chococraft:gysahl_green":49,"minecraft:deepslate_iron_ore":2,"minecraft:light_gray_bed":1,"minecraft:cobweb":7,"minecraft:spruce_leaves":7,"mores:deepslate_topaz_ore":10,"minecraft:deepslate":1,"minecraft:blue_bed":6},"minecraft:used":{"mores:topaz_battleaxe":18,"minecraft:wooden_axe":1,"minecraft:bread":5,"minecraft:iron_axe":20,"minecraft:shield":1,"minecraft:iron_pickaxe":34,"minecraft:spruce_planks":4,"minecraft:wooden_pickaxe":1,"minecraft:blue_bed":1,"minecraft:stone_axe":23,"minecraft:crafting_table":2,"chococraft:gysahl_green":9},"minecraft:dropped":{"mores:topaz_battleaxe":1,"alexsmobs:animal_dictionary":1,"minecraft:iron_chestplate":1,"minecraft:painting":2,"minecraft:iron_boots":1,"chococraft:gysahl_green":138},"minecraft:killed":{"minecraft:cave_spider":1,"minecraft:zombie":6,"alexsmobs:centipede_head":1,"minecraft:spider":1,"minecraft:creeper":1},"minecraft:crafted":{"minecraft:shield":1,"minecraft:crafting_table":1,"minecraft:spruce_planks":80,"minecraft:stick":12,"mores:topaz_battleaxe":2,"minecraft:wooden_pickaxe":1,"minecraft:wooden_axe":1}},"DataVersion":3465}