{"stats":{"minecraft:mined":{"minecraft:mossy_cobblestone":1,"minecraft:jukebox":1,"minecraft:spruce_log":15,"minecraft:crafting_table":3,"minecraft:grass":1,"minecraft:bookshelf":1,"chococraft:gysahl_green":13,"minecraft:coal_ore":29,"minecraft:oak_stairs":3,"minecraft:iron_bars":2,"minecraft:cobblestone":2,"minecraft:spruce_leaves":3,"minecraft:stone":21,"minecraft:mossy_stone_bricks":1,"minecraft:spawner":8},"minecraft:used":{"minecraft:wooden_axe":24,"minecraft:stone_pickaxe":51,"minecraft:shield":1,"minecraft:iron_sword":47,"minecraft:wooden_pickaxe":13,"minecraft:stone_axe":17,"minecraft:cobblestone":17,"minecraft:crafting_table":3,"tombstone:gift":2,"chococraft:gysahl_green":13,"minecraft:cooked_beef":1},"minecraft:dropped":{"minecraft:golden_boots":2,"minecraft:mossy_stone_bricks":1,"chococraft:gysahl_green":20,"minecraft:chainmail_chestplate":1},"minecraft:killed":{"minecraft:skeleton":10,"minecraft:cave_spider":4,"minecraft:zombie":2,"minecraft:stray":4},"minecraft:custom":{"minecraft:time_since_rest":16675,"minecraft:interact_with_furnace":2,"minecraft:sprint_one_cm":30363,"minecraft:damage_taken":399,"minecraft:walk_one_cm":66110,"minecraft:damage_blocked_by_shield":30,"minecraft:mob_kills":22,"minecraft:drop":5,"minecraft:damage_dealt":2666,"minecraft:swim_one_cm":6290,"minecraft:interact_with_crafting_table":4,"minecraft:fly_one_cm":44803,"minecraft:open_chest":18,"minecraft:crouch_one_cm":992,"minecraft:play_time":16675,"tombstone:undead_killed":16,"minecraft:sneak_time":427,"minecraft:walk_under_water_one_cm":284,"minecraft:jump":225,"minecraft:eat_cake_slice":2,"minecraft:time_since_death":16675,"minecraft:walk_on_water_one_cm":81,"minecraft:total_world_time":16675,"minecraft:fall_one_cm":4197},"minecraft:crafted":{"minecraft:crafting_table":1,"minecraft:spruce_planks":60,"minecraft:stick":8,"minecraft:wooden_pickaxe":1,"minecraft:stone_pickaxe":1,"minecraft:wooden_axe":1,"minecraft:stone_axe":1},"minecraft:picked_up":{"minecraft:tipped_arrow":2,"minecraft:golden_helmet":1,"minecraft:crafting_table":3,"minecraft:jukebox":1,"minecraft:golden_leggings":1,"minecraft:oak_stairs":3,"minecraft:chainmail_chestplate":2,"chococraft:gysahl_green_seeds":13,"minecraft:spruce_sapling":1,"tombstone:grave_dust":2,"minecraft:golden_boots":3,"minecraft:spruce_log":15,"minecraft:golden_chestplate":1,"minecraft:string":1,"minecraft:arrow":10,"minecraft:bone":18,"minecraft:rotten_flesh":1,"chococraft:gysahl_green":33,"minecraft:cracked_stone_bricks":1,"minecraft:chainmail_leggings":1,"minecraft:iron_helmet":1,"minecraft:mossy_stone_bricks":1,"minecraft:iron_bars":2,"minecraft:coal":29,"minecraft:cobblestone":25}},"DataVersion":3465}