{"stats":{"minecraft:mined":{"minecraft:nether_gold_ore":44,"minecraft:mossy_cobblestone":23,"minecraft:red_nether_bricks":3,"mores:nether_anthracite_ore":9,"minecraft:nether_bricks":11,"minecraft:granite":4,"minecraft:dark_oak_fence":22,"minecraft:spruce_fence":2,"minecraft:grass_block":1,"minecraft:coal_block":36,"minecraft:spruce_leaves":3,"minecraft:chiseled_stone_bricks":1,"minecraft:spawner":28,"mores:deepslate_tourmaline_ore":7,"minecraft:furnace":1,"minecraft:mossy_cobblestone_stairs":3,"minecraft:fire":10,"minecraft:nether_brick_stairs":2,"minecraft:mossy_stone_brick_stairs":6,"chococraft:gysahl_green":17,"minecraft:bookshelf":2,"minecraft:vine":7,"minecraft:oak_stairs":3,"minecraft:iron_bars":8,"minecraft:packed_ice":6,"minecraft:stone":51,"minecraft:quartz_block":9,"minecraft:crafting_table":4,"minecraft:chest":1,"minecraft:cobblestone":7,"minecraft:oak_planks":7,"minecraft:diorite":3,"minecraft:spruce_log":20,"minecraft:jukebox":1,"minecraft:stone_brick_stairs":4,"minecraft:grass":6,"minecraft:coal_ore":29,"minecraft:gravel":4,"minecraft:cobweb":2,"minecraft:cracked_stone_bricks":8,"minecraft:stone_bricks":11,"minecraft:netherrack":50,"minecraft:mossy_stone_bricks":17,"minecraft:oak_leaves":5,"minecraft:deepslate":6},"minecraft:picked_up":{"minecraft:crafting_table":5,"minecraft:iron_chestplate":1,"minecraft:leather_leggings":2,"minecraft:oak_stairs":3,"minecraft:enchanted_book":1,"minecraft:potion":4,"minecraft:stone_brick_stairs":1,"minecraft:iron_axe":2,"minecraft:string":1,"alexsmobs:pigshoes":1,"minecraft:cooked_salmon":8,"minecraft:iron_leggings":1,"minecraft:red_nether_bricks":3,"mores:tourmaline_gem":7,"minecraft:experience_bottle":2,"minecraft:cracked_stone_bricks":2,"minecraft:gold_nugget":166,"minecraft:iron_pickaxe":2,"minecraft:coal_block":35,"minecraft:chest":1,"minecraft:furnace":1,"minecraft:golden_helmet":1,"minecraft:tipped_arrow":7,"minecraft:jukebox":1,"tombstone:grave_dust":5,"minecraft:goat_horn":2,"minecraft:golden_chestplate":1,"minecraft:quartz_block":1,"minecraft:stone_sword":1,"minecraft:arrow":60,"minecraft:rotten_flesh":35,"minecraft:nether_bricks":11,"minecraft:gold_ingot":4,"minecraft:obsidian":1,"minecraft:iron_bars":8,"minecraft:cobblestone":62,"minecraft:magma_block":3,"minecraft:leather_chestplate":1,"minecraft:cooked_beef":61,"minecraft:salmon":1,"minecraft:golden_leggings":1,"alexsmobs:bison_fur":1,"minecraft:flint":1,"minecraft:chainmail_chestplate":4,"minecraft:golden_boots":4,"tombstone:gift":1,"minecraft:leather_boots":1,"minecraft:bone":51,"chococraft:gysahl_green":45,"minecraft:stone_bricks":3,"minecraft:bow":3,"minecraft:stone_pickaxe":1,"minecraft:mossy_stone_bricks":3,"minecraft:diamond_helmet":1,"minecraft:glass_bottle":9,"minecraft:oak_planks":8,"minecraft:mossy_stone_brick_stairs":3,"minecraft:soul_sand":5,"minecraft:book":3,"minecraft:quartz":13,"minecraft:gravel":4,"chococraft:gysahl_green_seeds":17,"minecraft:spruce_sapling":1,"minecraft:nether_brick_stairs":2,"minecraft:spruce_log":20,"quark:oak_chest":1,"minecraft:mossy_cobblestone":9,"minecraft:spider_eye":6,"minecraft:leather_helmet":1,"minecraft:bundle":1,"minecraft:diamond_shovel":1,"minecraft:spruce_boat":1,"minecraft:stone_axe":2,"minecraft:chainmail_leggings":1,"mores:anthracite":9,"minecraft:iron_helmet":1,"minecraft:granite":7,"minecraft:mossy_cobblestone_stairs":1,"minecraft:emerald":7,"minecraft:netherrack":43,"minecraft:coal":40},"minecraft:used":{"mores:tourmaline_battleaxe":80,"minecraft:stone_sword":46,"minecraft:flint_and_steel":1,"minecraft:chest":1,"minecraft:shield":40,"minecraft:iron_sword":236,"minecraft:cooked_salmon":7,"minecraft:rotten_flesh":49,"minecraft:netherrack":43,"minecraft:soul_sand":4,"minecraft:nether_brick_stairs":2,"minecraft:obsidian":6,"minecraft:spruce_boat":1,"minecraft:wooden_axe":24,"minecraft:lava_bucket":4,"minecraft:iron_axe":152,"minecraft:bow":5,"minecraft:goat_horn":4,"minecraft:furnace":1,"tombstone:gift":4,"minecraft:cooked_beef":32,"minecraft:mossy_stone_bricks":1,"minecraft:stone_pickaxe":158,"minecraft:wooden_pickaxe":13,"minecraft:cracked_stone_bricks":1,"minecraft:mossy_cobblestone":5,"minecraft:crafting_table":7,"minecraft:bread":2,"minecraft:iron_pickaxe":233,"tombstone:magic_scroll":1,"minecraft:gravel":1,"minecraft:stone_axe":23,"minecraft:diamond_sword":93,"minecraft:cobblestone":38,"minecraft:potion":2,"minecraft:bucket":5,"chococraft:gysahl_green":24,"minecraft:experience_bottle":8},"minecraft:killed":{"minecraft:cave_spider":5,"minecraft:witch":1,"minecraft:vindicator":2,"takesapillage:legioner":4,"minecraft:spider":10,"minecraft:phantom":2,"minecraft:skeleton":26,"alexsmobs:bison":8,"minecraft:drowned":1,"minecraft:salmon":11,"takesapillage:skirmisher":2,"minecraft:creeper":1,"minecraft:pillager":8,"minecraft:zombie":48,"minecraft:stray":18,"minecraft:wither_skeleton":15,"takesapillage:archer":14},"minecraft:crafted":{"minecraft:furnace":1,"minecraft:flint_and_steel":1,"minecraft:iron_axe":2,"minecraft:stone_pickaxe":1,"minecraft:spruce_boat":1,"minecraft:golden_helmet":1,"minecraft:crafting_table":4,"minecraft:spruce_planks":80,"minecraft:wooden_pickaxe":1,"minecraft:cooked_salmon":1,"minecraft:stone_axe":1,"minecraft:air":0,"minecraft:stick":12,"minecraft:iron_pickaxe":2,"minecraft:wooden_axe":1,"minecraft:stone_sword":2,"minecraft:gold_ingot":5,"mores:tourmaline_battleaxe":1},"minecraft:custom":{"minecraft:mob_kills":190,"minecraft:interact_with_crafting_table":17,"minecraft:eat_cake_slice":4,"minecraft:leave_game":1,"minecraft:time_since_death":93354,"minecraft:climb_one_cm":7274,"minecraft:sprint_one_cm":356298,"minecraft:walk_one_cm":519306,"minecraft:damage_blocked_by_shield":1165,"minecraft:drop":82,"minecraft:talked_to_villager":2,"minecraft:play_time":145551,"minecraft:sneak_time":1212,"minecraft:deaths":1,"minecraft:walk_under_water_one_cm":41129,"minecraft:boat_one_cm":77940,"minecraft:jump":4031,"minecraft:walk_on_water_one_cm":15190,"minecraft:total_world_time":145551,"minecraft:interact_with_furnace":6,"tombstone:raider_killed":33,"minecraft:sleep_in_bed":1,"minecraft:time_since_rest":54653,"minecraft:damage_taken":4403,"minecraft:damage_dealt":30553,"minecraft:swim_one_cm":169904,"minecraft:fly_one_cm":992726,"minecraft:open_chest":91,"minecraft:crouch_one_cm":3272,"tombstone:undead_killed":110,"minecraft:fall_one_cm":79037},"minecraft:dropped":{"minecraft:enchanted_book":1,"minecraft:golden_boots":3,"minecraft:iron_sword":1,"minecraft:mossy_cobblestone":2,"minecraft:glass_bottle":6,"minecraft:cobblestone":2,"minecraft:iron_helmet":1,"chococraft:gysahl_green_seeds":17,"minecraft:coal_block":4,"minecraft:stick":10,"minecraft:wooden_axe":2,"minecraft:diamond_helmet":1,"tombstone:grave_dust":2,"minecraft:potion":2,"minecraft:iron_axe":1,"minecraft:iron_leggings":2,"minecraft:iron_pickaxe":2,"minecraft:chainmail_leggings":2,"quark:oak_chest":1,"minecraft:spruce_sapling":1,"minecraft:gold_ingot":4,"minecraft:gravel":2,"minecraft:stone_axe":3,"minecraft:goat_horn":2,"minecraft:golden_chestplate":1,"minecraft:stone_sword":2,"alexsmobs:animal_dictionary":1,"alexsmobs:pigshoes":1,"minecraft:rotten_flesh":5,"minecraft:oak_planks":1,"minecraft:iron_boots":1,"minecraft:nether_bricks":5,"minecraft:chainmail_chestplate":3,"minecraft:spruce_planks":7,"minecraft:iron_chestplate":1,"minecraft:quartz_block":1,"minecraft:mossy_stone_bricks":1,"minecraft:golden_leggings":1,"minecraft:spider_eye":6,"minecraft:stone_bricks":1,"minecraft:bow":1,"minecraft:arrow":7,"minecraft:stone_pickaxe":2,"minecraft:wooden_pickaxe":1,"chococraft:gysahl_green":21},"minecraft:broken":{"minecraft:golden_helmet":1,"minecraft:stone_pickaxe":1}},"DataVersion":3465}