{"stats":{"minecraft:custom":{"minecraft:mob_kills":30,"minecraft:interact_with_crafting_table":3,"minecraft:open_barrel":1,"minecraft:time_since_death":37720,"minecraft:sleep_in_bed":3,"minecraft:climb_one_cm":1038,"minecraft:time_since_rest":19948,"minecraft:sprint_one_cm":89253,"minecraft:damage_absorbed":70,"minecraft:damage_taken":1108,"minecraft:walk_one_cm":141335,"minecraft:damage_blocked_by_shield":1035,"minecraft:drop":14,"minecraft:damage_dealt":5153,"minecraft:fly_one_cm":216333,"minecraft:open_chest":31,"minecraft:crouch_one_cm":1064,"minecraft:play_time":37720,"minecraft:sneak_time":466,"minecraft:walk_under_water_one_cm":4174,"minecraft:jump":1011,"minecraft:walk_on_water_one_cm":3718,"minecraft:total_world_time":37720,"minecraft:fall_one_cm":31717},"minecraft:picked_up":{"minecraft:crafting_table":2,"chococraft:loverly_gysahl_green":8,"minecraft:string":3,"minecraft:blue_bed":6,"minecraft:iron_axe":2,"mores:tourmaline_gem":5,"chococraft:gysahl_green":147,"chococraft:gold_gysahl":3,"minecraft:cobbled_deepslate":8,"minecraft:raw_gold":3,"minecraft:iron_ingot":1,"minecraft:furnace":1,"minecraft:stick":2,"minecraft:raw_iron":15,"minecraft:lava_bucket":1,"chococraft:gysahl_green_seeds":46,"mores:raw_cobalt":1,"mores:topaz_gem":11,"minecraft:spruce_log":22,"minecraft:light_gray_bed":1,"minecraft:rotten_flesh":5,"minecraft:diamond":1,"mores:anthracite":3,"minecraft:painting":2,"minecraft:gold_ingot":1,"minecraft:bread":20,"minecraft:iron_bars":3,"minecraft:coal":15},"minecraft:mined":{"minecraft:deepslate_diamond_ore":1,"mores:deepslate_anthracite_ore":3,"minecraft:crafting_table":2,"minecraft:light_gray_bed":1,"minecraft:spruce_leaves":7,"minecraft:deepslate_gold_ore":4,"minecraft:blue_bed":6,"minecraft:spawner":8,"minecraft:oak_trapdoor":2,"mores:deepslate_tourmaline_ore":5,"minecraft:furnace":1,"minecraft:spruce_log":22,"minecraft:tnt":1,"mores:deepslate_cobalt_ore":1,"minecraft:grass":3,"chococraft:gysahl_green":49,"minecraft:pointed_dripstone":3,"minecraft:coal_ore":15,"minecraft:deepslate_iron_ore":5,"minecraft:iron_bars":2,"minecraft:cobweb":7,"mores:deepslate_topaz_ore":11,"minecraft:deepslate":4},"minecraft:used":{"mores:topaz_battleaxe":72,"minecraft:water_bucket":14,"minecraft:wooden_pickaxe":1,"minecraft:spruce_planks":8,"minecraft:shield":24,"minecraft:blue_bed":1,"minecraft:golden_apple":2,"minecraft:crafting_table":2,"minecraft:wooden_axe":1,"minecraft:lava_bucket":1,"minecraft:iron_axe":20,"minecraft:bread":18,"minecraft:iron_pickaxe":63,"minecraft:stone_axe":23,"minecraft:potion":2,"minecraft:bucket":15,"chococraft:gysahl_green":9},"minecraft:dropped":{"mores:topaz_battleaxe":1,"alexsmobs:animal_dictionary":1,"minecraft:glass_bottle":1,"minecraft:iron_boots":1,"minecraft:apple":6,"chococraft:gysahl_green_seeds":46,"mores:sterling_helmet":1,"minecraft:shield":1,"minecraft:iron_chestplate":1,"minecraft:painting":2,"minecraft:bucket":1,"chococraft:gysahl_green":138},"minecraft:killed":{"minecraft:cave_spider":5,"minecraft:spider":6,"minecraft:creeper":1,"minecraft:skeleton":3,"minecraft:zombie":9,"minecraft:stray":3,"alexsmobs:centipede_head":1},"minecraft:crafted":{"minecraft:crafting_table":1,"minecraft:spruce_planks":80,"minecraft:wooden_pickaxe":1,"mores:topaz_battleaxe":2,"minecraft:shield":1,"minecraft:stick":12,"minecraft:wooden_axe":1}},"DataVersion":3465}