{"stats":{"minecraft:mined":{"minecraft:grass":1,"chococraft:gysahl_green":13,"minecraft:coal_ore":22,"minecraft:stone":10,"minecraft:spruce_leaves":3,"minecraft:spruce_log":15,"minecraft:crafting_table":1},"minecraft:used":{"minecraft:wooden_axe":24,"minecraft:crafting_table":2,"minecraft:stone_pickaxe":19,"minecraft:wooden_pickaxe":13},"minecraft:custom":{"minecraft:time_since_rest":4675,"minecraft:play_time":4675,"minecraft:sprint_one_cm":4586,"minecraft:damage_taken":20,"minecraft:walk_one_cm":8144,"minecraft:walk_under_water_one_cm":284,"minecraft:jump":59,"minecraft:walk_on_water_one_cm":81,"minecraft:time_since_death":4675,"minecraft:total_world_time":4675,"minecraft:swim_one_cm":6290,"minecraft:fall_one_cm":2345,"minecraft:interact_with_crafting_table":2,"minecraft:fly_one_cm":15059},"minecraft:crafted":{"minecraft:stone_axe":1,"minecraft:crafting_table":1,"minecraft:spruce_planks":60,"minecraft:stick":8,"minecraft:wooden_pickaxe":1,"minecraft:stone_pickaxe":1,"minecraft:wooden_axe":1},"minecraft:picked_up":{"minecraft:crafting_table":1,"chococraft:gysahl_green":33,"minecraft:spruce_sapling":1,"chococraft:gysahl_green_seeds":13,"minecraft:spruce_log":15,"minecraft:coal":22,"minecraft:cobblestone":10}},"DataVersion":3465}