{"stats":{"minecraft:picked_up":{"chococraft:loverly_gysahl_green":8,"minecraft:stick":2,"minecraft:crafting_table":1,"minecraft:lava_bucket":1,"chococraft:gysahl_green_seeds":46,"minecraft:spruce_log":22,"minecraft:blue_bed":5,"minecraft:iron_axe":2,"minecraft:light_gray_bed":1,"chococraft:gysahl_green":147,"chococraft:gold_gysahl":3,"minecraft:gold_ingot":1,"minecraft:bread":1,"minecraft:furnace":1},"minecraft:custom":{"minecraft:time_since_rest":11379,"minecraft:sprint_one_cm":37843,"minecraft:damage_taken":20,"minecraft:walk_one_cm":38413,"minecraft:drop":2,"minecraft:interact_with_crafting_table":1,"minecraft:fly_one_cm":106983,"minecraft:open_chest":13,"minecraft:crouch_one_cm":8,"minecraft:play_time":13720,"minecraft:sneak_time":1,"minecraft:jump":372,"minecraft:time_since_death":13720,"minecraft:sleep_in_bed":1,"minecraft:climb_one_cm":298,"minecraft:total_world_time":13720,"minecraft:fall_one_cm":9824},"minecraft:mined":{"minecraft:furnace":1,"minecraft:spruce_log":22,"minecraft:crafting_table":1,"minecraft:grass":3,"chococraft:gysahl_green":49,"minecraft:light_gray_bed":1,"minecraft:spruce_leaves":7,"minecraft:blue_bed":5},"minecraft:used":{"minecraft:wooden_axe":1,"minecraft:iron_axe":4,"minecraft:wooden_pickaxe":1,"minecraft:stone_axe":23,"minecraft:crafting_table":1,"chococraft:gysahl_green":9},"minecraft:dropped":{"minecraft:iron_chestplate":1,"minecraft:iron_boots":1},"minecraft:crafted":{"minecraft:crafting_table":1,"minecraft:spruce_planks":80,"minecraft:stick":12,"minecraft:wooden_pickaxe":1,"minecraft:wooden_axe":1}},"DataVersion":3465}