{"stats":{"minecraft:mined":{"minecraft:quartz_block":9,"minecraft:mossy_cobblestone":16,"minecraft:crafting_table":3,"minecraft:cobblestone":6,"minecraft:spruce_leaves":3,"minecraft:diorite":3,"minecraft:chiseled_stone_bricks":1,"minecraft:spawner":17,"minecraft:mossy_cobblestone_stairs":1,"minecraft:spruce_log":15,"minecraft:jukebox":1,"minecraft:stone_brick_stairs":3,"minecraft:mossy_stone_brick_stairs":3,"minecraft:grass":1,"chococraft:gysahl_green":13,"minecraft:bookshelf":1,"minecraft:coal_ore":29,"minecraft:oak_stairs":3,"minecraft:iron_bars":2,"minecraft:gravel":2,"minecraft:cracked_stone_bricks":8,"minecraft:stone":41,"minecraft:stone_bricks":11,"minecraft:mossy_stone_bricks":15},"minecraft:used":{"minecraft:stone_pickaxe":154,"minecraft:wooden_pickaxe":13,"minecraft:shield":3,"minecraft:iron_sword":236,"minecraft:crafting_table":3,"minecraft:wooden_axe":24,"minecraft:stone_axe":20,"minecraft:cobblestone":27,"tombstone:gift":2,"chococraft:gysahl_green":13,"minecraft:cooked_beef":7},"minecraft:dropped":{"minecraft:gravel":1,"minecraft:golden_boots":2,"minecraft:chainmail_chestplate":1,"minecraft:mossy_stone_bricks":1,"minecraft:stone_bricks":1,"minecraft:chainmail_leggings":1,"chococraft:gysahl_green":20},"minecraft:killed":{"minecraft:cave_spider":4,"minecraft:spider":9,"minecraft:skeleton":17,"minecraft:zombie":34,"minecraft:stray":17},"minecraft:custom":{"minecraft:interact_with_furnace":2,"minecraft:mob_kills":89,"minecraft:interact_with_crafting_table":4,"minecraft:eat_cake_slice":2,"minecraft:time_since_death":28675,"minecraft:time_since_rest":28675,"minecraft:sprint_one_cm":38512,"minecraft:damage_taken":954,"minecraft:walk_one_cm":130406,"minecraft:damage_blocked_by_shield":115,"minecraft:drop":8,"minecraft:damage_dealt":10130,"minecraft:swim_one_cm":6290,"minecraft:fly_one_cm":59866,"minecraft:open_chest":23,"minecraft:crouch_one_cm":992,"minecraft:play_time":28675,"tombstone:undead_killed":68,"minecraft:sneak_time":427,"minecraft:walk_under_water_one_cm":284,"minecraft:jump":335,"minecraft:walk_on_water_one_cm":81,"minecraft:total_world_time":28675,"minecraft:fall_one_cm":4408},"minecraft:crafted":{"minecraft:crafting_table":1,"minecraft:spruce_planks":60,"minecraft:wooden_pickaxe":1,"minecraft:stone_axe":1,"minecraft:stick":8,"minecraft:stone_pickaxe":1,"minecraft:wooden_axe":1},"minecraft:picked_up":{"minecraft:crafting_table":4,"minecraft:golden_leggings":1,"minecraft:oak_stairs":3,"minecraft:stone_brick_stairs":1,"minecraft:chainmail_chestplate":2,"minecraft:golden_boots":3,"minecraft:string":1,"minecraft:bone":41,"chococraft:gysahl_green":33,"minecraft:stone_bricks":3,"minecraft:bow":1,"minecraft:cracked_stone_bricks":1,"minecraft:mossy_stone_bricks":1,"minecraft:mossy_stone_brick_stairs":1,"minecraft:golden_helmet":1,"minecraft:tipped_arrow":7,"minecraft:jukebox":1,"minecraft:gravel":1,"minecraft:spruce_sapling":1,"chococraft:gysahl_green_seeds":13,"tombstone:grave_dust":2,"minecraft:spruce_log":15,"minecraft:golden_chestplate":1,"minecraft:arrow":31,"minecraft:rotten_flesh":3,"minecraft:chainmail_leggings":1,"minecraft:iron_helmet":1,"minecraft:coal":35,"minecraft:iron_bars":2,"minecraft:cobblestone":49},"minecraft:broken":{"minecraft:stone_pickaxe":1,"minecraft:golden_helmet":1}},"DataVersion":3465}