{"stats":{"minecraft:mined":{"minecraft:quartz_block":9,"minecraft:mossy_cobblestone":19,"minecraft:red_nether_bricks":2,"minecraft:crafting_table":4,"minecraft:granite":4,"minecraft:cobblestone":6,"minecraft:spruce_leaves":3,"minecraft:oak_planks":2,"minecraft:diorite":3,"minecraft:chiseled_stone_bricks":1,"minecraft:spawner":22,"minecraft:mossy_cobblestone_stairs":3,"minecraft:spruce_log":15,"minecraft:jukebox":1,"minecraft:stone_brick_stairs":4,"minecraft:mossy_stone_brick_stairs":6,"minecraft:grass":1,"chococraft:gysahl_green":13,"minecraft:bookshelf":1,"minecraft:coal_ore":29,"minecraft:vine":6,"minecraft:oak_stairs":3,"minecraft:iron_bars":7,"minecraft:gravel":4,"minecraft:cracked_stone_bricks":8,"minecraft:stone":41,"minecraft:stone_bricks":11,"minecraft:mossy_stone_bricks":17,"minecraft:deepslate":1},"minecraft:used":{"minecraft:mossy_stone_bricks":1,"minecraft:stone_pickaxe":158,"minecraft:wooden_pickaxe":13,"minecraft:shield":8,"minecraft:iron_sword":236,"minecraft:cracked_stone_bricks":1,"minecraft:crafting_table":4,"minecraft:wooden_axe":24,"minecraft:iron_axe":71,"minecraft:bread":1,"minecraft:iron_pickaxe":30,"minecraft:gravel":1,"minecraft:stone_axe":23,"minecraft:potion":1,"minecraft:cobblestone":34,"tombstone:gift":2,"chococraft:gysahl_green":13,"minecraft:cooked_beef":13},"minecraft:dropped":{"minecraft:gravel":1,"minecraft:golden_boots":3,"minecraft:iron_sword":1,"minecraft:stone_axe":3,"minecraft:golden_chestplate":1,"alexsmobs:animal_dictionary":1,"minecraft:iron_helmet":1,"minecraft:rotten_flesh":3,"chococraft:gysahl_green_seeds":13,"minecraft:chainmail_chestplate":3,"minecraft:wooden_axe":2,"minecraft:iron_chestplate":1,"minecraft:quartz_block":1,"minecraft:mossy_stone_bricks":1,"minecraft:golden_leggings":1,"minecraft:iron_leggings":1,"minecraft:stone_bricks":1,"minecraft:bow":1,"minecraft:stone_pickaxe":2,"minecraft:wooden_pickaxe":1,"minecraft:chainmail_leggings":2,"chococraft:gysahl_green":20,"minecraft:spruce_sapling":1},"minecraft:killed":{"minecraft:cave_spider":5,"minecraft:spider":10,"minecraft:skeleton":23,"minecraft:zombie":36,"minecraft:stray":17,"minecraft:wither_skeleton":9},"minecraft:custom":{"minecraft:interact_with_furnace":2,"minecraft:mob_kills":108,"minecraft:interact_with_crafting_table":6,"minecraft:eat_cake_slice":2,"minecraft:time_since_death":40675,"minecraft:climb_one_cm":4021,"minecraft:time_since_rest":40675,"minecraft:sprint_one_cm":56844,"minecraft:damage_taken":1582,"minecraft:walk_one_cm":189543,"minecraft:damage_blocked_by_shield":305,"minecraft:drop":32,"minecraft:damage_dealt":13633,"minecraft:swim_one_cm":6290,"minecraft:fly_one_cm":78695,"minecraft:open_chest":37,"minecraft:crouch_one_cm":992,"minecraft:play_time":40675,"tombstone:undead_killed":85,"minecraft:sneak_time":427,"minecraft:walk_under_water_one_cm":284,"minecraft:jump":514,"minecraft:walk_on_water_one_cm":184,"minecraft:total_world_time":40675,"minecraft:fall_one_cm":4892},"minecraft:crafted":{"minecraft:crafting_table":1,"minecraft:spruce_planks":60,"minecraft:wooden_pickaxe":1,"minecraft:stone_axe":1,"minecraft:iron_axe":1,"minecraft:stick":8,"minecraft:iron_pickaxe":2,"minecraft:stone_pickaxe":1,"minecraft:wooden_axe":1},"minecraft:picked_up":{"minecraft:crafting_table":5,"minecraft:leather_leggings":1,"minecraft:golden_leggings":1,"minecraft:oak_stairs":3,"minecraft:stone_brick_stairs":1,"minecraft:chainmail_chestplate":4,"minecraft:golden_boots":3,"minecraft:string":1,"minecraft:red_nether_bricks":2,"minecraft:iron_leggings":1,"minecraft:leather_boots":1,"minecraft:bone":48,"chococraft:gysahl_green":33,"minecraft:stone_bricks":3,"minecraft:bow":1,"minecraft:cracked_stone_bricks":2,"minecraft:stone_pickaxe":1,"minecraft:mossy_stone_bricks":3,"minecraft:diamond_helmet":1,"minecraft:oak_planks":1,"minecraft:mossy_stone_brick_stairs":3,"minecraft:golden_helmet":1,"minecraft:tipped_arrow":7,"minecraft:jukebox":1,"minecraft:gravel":3,"minecraft:spruce_sapling":1,"chococraft:gysahl_green_seeds":13,"tombstone:grave_dust":3,"minecraft:spruce_log":15,"minecraft:diamond_shovel":1,"minecraft:mossy_cobblestone":2,"minecraft:golden_chestplate":1,"minecraft:quartz_block":1,"minecraft:arrow":32,"minecraft:rotten_flesh":6,"minecraft:stone_axe":2,"minecraft:chainmail_leggings":1,"minecraft:iron_helmet":1,"minecraft:granite":4,"minecraft:mossy_cobblestone_stairs":1,"minecraft:coal":39,"minecraft:iron_bars":6,"minecraft:cobblestone":49},"minecraft:broken":{"minecraft:stone_pickaxe":1,"minecraft:golden_helmet":1}},"DataVersion":3465}