{"stats":{"minecraft:mined":{"minecraft:quartz_block":9,"minecraft:mossy_cobblestone":19,"minecraft:red_nether_bricks":2,"minecraft:crafting_table":4,"minecraft:nether_bricks":6,"minecraft:granite":4,"minecraft:coal_block":20,"minecraft:cobblestone":6,"minecraft:spruce_leaves":3,"minecraft:oak_planks":5,"minecraft:diorite":3,"minecraft:chiseled_stone_bricks":1,"minecraft:spawner":28,"minecraft:mossy_cobblestone_stairs":3,"minecraft:spruce_log":15,"minecraft:jukebox":1,"minecraft:stone_brick_stairs":4,"minecraft:mossy_stone_brick_stairs":6,"minecraft:grass":1,"chococraft:gysahl_green":13,"minecraft:bookshelf":2,"minecraft:coal_ore":29,"minecraft:vine":7,"minecraft:oak_stairs":3,"minecraft:iron_bars":7,"minecraft:gravel":4,"minecraft:cracked_stone_bricks":8,"minecraft:stone":41,"minecraft:stone_bricks":11,"minecraft:mossy_stone_bricks":17,"minecraft:deepslate":1},"minecraft:used":{"minecraft:mossy_stone_bricks":1,"minecraft:stone_sword":46,"minecraft:stone_pickaxe":158,"minecraft:wooden_pickaxe":13,"minecraft:shield":12,"minecraft:iron_sword":236,"minecraft:rotten_flesh":12,"minecraft:cracked_stone_bricks":1,"minecraft:crafting_table":4,"minecraft:wooden_axe":24,"minecraft:diamond_sword":17,"minecraft:iron_axe":95,"minecraft:bread":2,"minecraft:iron_pickaxe":64,"minecraft:gravel":1,"minecraft:stone_axe":23,"minecraft:potion":1,"minecraft:cobblestone":36,"tombstone:gift":2,"chococraft:gysahl_green":13,"minecraft:cooked_beef":13,"minecraft:experience_bottle":6},"minecraft:dropped":{"minecraft:gravel":2,"minecraft:golden_boots":3,"minecraft:iron_sword":1,"minecraft:stone_axe":3,"minecraft:golden_chestplate":1,"minecraft:stone_sword":2,"alexsmobs:animal_dictionary":1,"minecraft:iron_helmet":1,"minecraft:rotten_flesh":4,"minecraft:oak_planks":1,"minecraft:iron_boots":1,"chococraft:gysahl_green_seeds":13,"minecraft:nether_bricks":5,"minecraft:coal_block":4,"minecraft:chainmail_chestplate":3,"minecraft:diamond_helmet":1,"minecraft:wooden_axe":2,"minecraft:iron_chestplate":1,"minecraft:quartz_block":1,"minecraft:mossy_stone_bricks":1,"minecraft:golden_leggings":1,"minecraft:iron_leggings":1,"minecraft:stone_bricks":1,"minecraft:bow":1,"minecraft:stone_pickaxe":2,"minecraft:wooden_pickaxe":1,"minecraft:chainmail_leggings":2,"chococraft:gysahl_green":20,"minecraft:spruce_sapling":1},"minecraft:killed":{"minecraft:cave_spider":5,"minecraft:spider":10,"minecraft:skeleton":26,"minecraft:zombie":46,"minecraft:stray":18,"minecraft:wither_skeleton":13},"minecraft:custom":{"minecraft:interact_with_furnace":2,"minecraft:mob_kills":126,"minecraft:interact_with_crafting_table":6,"minecraft:eat_cake_slice":2,"minecraft:time_since_death":478,"minecraft:climb_one_cm":4360,"minecraft:time_since_rest":1,"minecraft:sprint_one_cm":95068,"minecraft:damage_taken":1980,"minecraft:walk_one_cm":246399,"minecraft:damage_blocked_by_shield":460,"minecraft:deaths":1,"minecraft:drop":44,"minecraft:damage_dealt":16514,"minecraft:swim_one_cm":8500,"minecraft:fly_one_cm":117016,"minecraft:open_chest":50,"minecraft:crouch_one_cm":1000,"minecraft:play_time":52675,"tombstone:undead_killed":103,"minecraft:sneak_time":434,"minecraft:walk_under_water_one_cm":392,"minecraft:jump":750,"minecraft:walk_on_water_one_cm":497,"minecraft:total_world_time":52675,"minecraft:fall_one_cm":5980},"minecraft:crafted":{"minecraft:crafting_table":1,"minecraft:spruce_planks":60,"minecraft:wooden_pickaxe":1,"minecraft:stone_axe":1,"minecraft:iron_axe":1,"minecraft:stone_sword":2,"minecraft:stick":8,"minecraft:iron_pickaxe":2,"minecraft:stone_pickaxe":1,"minecraft:wooden_axe":1},"minecraft:picked_up":{"minecraft:iron_chestplate":1,"minecraft:crafting_table":5,"minecraft:leather_chestplate":1,"minecraft:leather_leggings":2,"minecraft:golden_leggings":1,"minecraft:oak_stairs":3,"minecraft:stone_brick_stairs":1,"minecraft:chainmail_chestplate":4,"minecraft:golden_boots":3,"minecraft:string":1,"minecraft:red_nether_bricks":2,"minecraft:iron_leggings":1,"minecraft:leather_boots":1,"minecraft:bone":51,"chococraft:gysahl_green":33,"minecraft:stone_bricks":3,"minecraft:bow":2,"minecraft:cracked_stone_bricks":2,"minecraft:stone_pickaxe":1,"minecraft:mossy_stone_bricks":3,"minecraft:diamond_helmet":1,"minecraft:coal_block":20,"minecraft:oak_planks":6,"minecraft:mossy_stone_brick_stairs":3,"minecraft:book":3,"minecraft:golden_helmet":1,"minecraft:tipped_arrow":7,"minecraft:jukebox":1,"minecraft:stone_sword":1,"minecraft:gravel":4,"minecraft:leather_helmet":1,"minecraft:bundle":1,"minecraft:spruce_sapling":1,"chococraft:gysahl_green_seeds":13,"tombstone:grave_dust":3,"minecraft:spruce_log":15,"minecraft:diamond_shovel":1,"minecraft:mossy_cobblestone":2,"minecraft:golden_chestplate":1,"minecraft:quartz_block":1,"minecraft:arrow":36,"minecraft:rotten_flesh":35,"minecraft:stone_axe":2,"minecraft:nether_bricks":7,"minecraft:chainmail_leggings":1,"minecraft:iron_helmet":1,"minecraft:granite":4,"minecraft:mossy_cobblestone_stairs":1,"minecraft:coal":40,"minecraft:iron_bars":7,"minecraft:cobblestone":49},"minecraft:broken":{"minecraft:stone_pickaxe":1,"minecraft:golden_helmet":1}},"DataVersion":3465}