{"stats":{"minecraft:mined":{"minecraft:nether_gold_ore":44,"minecraft:mossy_cobblestone":23,"minecraft:red_nether_bricks":3,"mores:nether_anthracite_ore":9,"minecraft:nether_bricks":11,"minecraft:granite":4,"minecraft:dark_oak_fence":22,"minecraft:spruce_fence":4,"minecraft:grass_block":1,"minecraft:coal_block":36,"minecraft:spruce_leaves":3,"minecraft:chiseled_stone_bricks":1,"minecraft:spawner":28,"mores:deepslate_tourmaline_ore":7,"minecraft:furnace":1,"minecraft:mossy_cobblestone_stairs":3,"minecraft:fire":35,"minecraft:nether_brick_stairs":2,"minecraft:mossy_stone_brick_stairs":6,"chococraft:gysahl_green":17,"minecraft:bookshelf":2,"minecraft:vine":7,"minecraft:oak_stairs":3,"minecraft:iron_bars":8,"minecraft:packed_ice":6,"minecraft:stone":51,"minecraft:quartz_block":9,"minecraft:red_bed":1,"minecraft:crafting_table":4,"minecraft:chest":1,"minecraft:tall_grass":3,"minecraft:cobblestone":7,"minecraft:oak_planks":7,"minecraft:diorite":3,"minecraft:spruce_log":20,"minecraft:jukebox":1,"minecraft:stone_brick_stairs":4,"minecraft:oak_log":6,"minecraft:grass":7,"minecraft:coal_ore":29,"minecraft:gravel":4,"minecraft:cobweb":2,"minecraft:cracked_stone_bricks":8,"minecraft:stone_bricks":11,"minecraft:netherrack":50,"minecraft:mossy_stone_bricks":17,"minecraft:oak_leaves":12,"minecraft:deepslate":6},"minecraft:picked_up":{"minecraft:crafting_table":5,"minecraft:iron_chestplate":1,"minecraft:leather_leggings":2,"minecraft:oak_stairs":3,"minecraft:enchanted_book":2,"minecraft:potion":4,"minecraft:stone_brick_stairs":1,"minecraft:shield":1,"minecraft:red_bed":1,"minecraft:iron_axe":3,"minecraft:string":1,"alexsmobs:pigshoes":1,"minecraft:cooked_salmon":8,"minecraft:iron_leggings":1,"minecraft:red_nether_bricks":3,"mores:tourmaline_gem":7,"minecraft:experience_bottle":2,"takesapillage:ravager_horn":1,"minecraft:cracked_stone_bricks":2,"minecraft:gold_nugget":223,"minecraft:beef":7,"minecraft:iron_pickaxe":2,"minecraft:coal_block":35,"minecraft:chest":1,"minecraft:furnace":1,"minecraft:golden_helmet":1,"minecraft:tipped_arrow":7,"minecraft:jukebox":1,"minecraft:spruce_fence":2,"tombstone:grave_dust":5,"minecraft:goat_horn":2,"minecraft:golden_chestplate":1,"minecraft:quartz_block":1,"minecraft:stone_sword":1,"minecraft:arrow":68,"minecraft:rotten_flesh":35,"minecraft:nether_bricks":11,"minecraft:totem_of_undying":1,"minecraft:gold_ingot":4,"minecraft:obsidian":1,"minecraft:iron_bars":8,"minecraft:cobblestone":62,"minecraft:magma_block":3,"minecraft:leather_chestplate":1,"minecraft:cooked_beef":145,"minecraft:salmon":1,"minecraft:golden_leggings":1,"alexsmobs:bison_fur":4,"minecraft:flint":1,"minecraft:oak_log":6,"minecraft:chainmail_chestplate":4,"minecraft:golden_boots":4,"tombstone:gift":1,"minecraft:leather_boots":1,"minecraft:bone":51,"chococraft:gysahl_green":45,"minecraft:stone_bricks":3,"minecraft:bow":3,"minecraft:wheat_seeds":1,"minecraft:stone_pickaxe":1,"minecraft:mossy_stone_bricks":3,"minecraft:diamond_helmet":1,"minecraft:glass_bottle":9,"minecraft:oak_planks":28,"minecraft:mossy_stone_brick_stairs":3,"minecraft:soul_sand":6,"minecraft:book":3,"minecraft:quartz":13,"minecraft:gravel":4,"chococraft:gysahl_green_seeds":17,"minecraft:spruce_sapling":1,"minecraft:nether_brick_stairs":2,"minecraft:spruce_log":20,"quark:oak_chest":1,"minecraft:mossy_cobblestone":9,"minecraft:spider_eye":6,"minecraft:leather_helmet":1,"minecraft:bundle":1,"minecraft:diamond_shovel":2,"minecraft:spruce_boat":2,"minecraft:stone_axe":2,"minecraft:chainmail_leggings":1,"mores:anthracite":9,"minecraft:iron_helmet":1,"minecraft:granite":7,"minecraft:mossy_cobblestone_stairs":1,"minecraft:emerald":14,"minecraft:oak_sapling":2,"minecraft:netherrack":43,"minecraft:coal":40},"minecraft:used":{"mores:tourmaline_battleaxe":194,"minecraft:stone_sword":46,"minecraft:flint_and_steel":1,"minecraft:chest":1,"minecraft:shield":49,"minecraft:iron_sword":236,"minecraft:cooked_salmon":7,"minecraft:rotten_flesh":49,"minecraft:netherrack":43,"minecraft:soul_sand":4,"minecraft:nether_brick_stairs":2,"minecraft:obsidian":6,"minecraft:spruce_boat":1,"minecraft:wooden_axe":24,"minecraft:lava_bucket":18,"minecraft:iron_axe":163,"minecraft:bow":28,"minecraft:goat_horn":4,"minecraft:furnace":1,"tombstone:gift":7,"minecraft:cooked_beef":63,"minecraft:water_bucket":6,"minecraft:mossy_stone_bricks":1,"minecraft:stone_pickaxe":158,"minecraft:wooden_pickaxe":13,"tombstone:tablet_of_guard":1,"minecraft:cracked_stone_bricks":1,"minecraft:golden_apple":2,"minecraft:mossy_cobblestone":5,"minecraft:crafting_table":9,"minecraft:bread":2,"minecraft:iron_pickaxe":233,"tombstone:magic_scroll":1,"minecraft:gravel":1,"minecraft:stone_axe":23,"minecraft:diamond_sword":154,"minecraft:cobblestone":38,"minecraft:potion":2,"minecraft:bucket":25,"chococraft:gysahl_green":24,"minecraft:oak_boat":1,"takesapillage:ravager_horn":1,"minecraft:experience_bottle":11},"minecraft:killed":{"minecraft:evoker":1,"minecraft:cave_spider":5,"minecraft:witch":1,"minecraft:vindicator":3,"takesapillage:legioner":9,"minecraft:spider":14,"minecraft:phantom":2,"minecraft:skeleton":28,"alexsmobs:bison":21,"minecraft:drowned":1,"minecraft:zombie_villager":1,"minecraft:salmon":11,"takesapillage:skirmisher":9,"minecraft:ravager":1,"minecraft:creeper":1,"minecraft:pillager":11,"minecraft:zombie":51,"minecraft:stray":18,"minecraft:wither_skeleton":15,"takesapillage:archer":19,"minecraft:cow":1},"minecraft:custom":{"minecraft:mob_kills":238,"minecraft:open_barrel":4,"minecraft:interact_with_crafting_table":19,"minecraft:eat_cake_slice":4,"minecraft:leave_game":1,"minecraft:time_since_death":9172,"minecraft:climb_one_cm":8710,"minecraft:sprint_one_cm":468750,"minecraft:walk_one_cm":648293,"minecraft:damage_blocked_by_shield":1495,"minecraft:drop":98,"minecraft:talked_to_villager":3,"minecraft:play_time":187551,"minecraft:sneak_time":2314,"minecraft:deaths":2,"minecraft:walk_under_water_one_cm":47068,"minecraft:boat_one_cm":210285,"minecraft:jump":5461,"minecraft:interact_with_brewingstand":2,"minecraft:walk_on_water_one_cm":18017,"minecraft:total_world_time":187551,"minecraft:interact_with_furnace":6,"tombstone:raider_killed":56,"minecraft:raid_trigger":1,"minecraft:sleep_in_bed":1,"minecraft:time_since_rest":9121,"minecraft:damage_taken":7460,"minecraft:damage_absorbed":80,"minecraft:damage_dealt":43762,"minecraft:swim_one_cm":190705,"minecraft:fly_one_cm":1380092,"minecraft:open_chest":103,"minecraft:crouch_one_cm":6515,"tombstone:undead_killed":116,"minecraft:fall_one_cm":113168},"minecraft:crafted":{"minecraft:oak_planks":24,"mores:emerald_pickaxe":1,"minecraft:furnace":1,"minecraft:flint_and_steel":1,"minecraft:iron_axe":3,"minecraft:stone_pickaxe":1,"minecraft:spruce_boat":1,"minecraft:golden_helmet":1,"minecraft:crafting_table":6,"minecraft:spruce_planks":80,"minecraft:wooden_pickaxe":1,"minecraft:cooked_salmon":1,"minecraft:stone_axe":1,"minecraft:air":0,"minecraft:oak_boat":1,"minecraft:shield":1,"minecraft:stick":16,"minecraft:iron_pickaxe":2,"minecraft:wooden_axe":1,"minecraft:stone_sword":2,"minecraft:gold_ingot":5,"mores:tourmaline_battleaxe":1},"minecraft:dropped":{"minecraft:enchanted_book":1,"minecraft:golden_boots":3,"minecraft:iron_sword":1,"minecraft:soul_sand":2,"minecraft:mossy_cobblestone":2,"minecraft:glass_bottle":6,"minecraft:cobblestone":2,"minecraft:iron_helmet":1,"chococraft:gysahl_green_seeds":17,"alexsmobs:bison_fur":3,"minecraft:coal_block":4,"minecraft:stick":10,"minecraft:red_bed":1,"tombstone:grave_key":1,"minecraft:wooden_axe":2,"minecraft:diamond_helmet":1,"minecraft:gold_nugget":57,"tombstone:grave_dust":3,"minecraft:potion":2,"minecraft:iron_axe":1,"minecraft:iron_leggings":2,"minecraft:iron_pickaxe":3,"minecraft:chainmail_leggings":2,"quark:oak_chest":1,"minecraft:spruce_sapling":1,"minecraft:gold_ingot":4,"minecraft:gravel":2,"minecraft:stone_axe":3,"minecraft:goat_horn":2,"minecraft:golden_chestplate":1,"minecraft:stone_sword":2,"alexsmobs:animal_dictionary":1,"alexsmobs:pigshoes":1,"minecraft:rotten_flesh":5,"minecraft:diamond_shovel":1,"minecraft:oak_planks":30,"minecraft:iron_boots":1,"minecraft:nether_bricks":5,"minecraft:flint_and_steel":1,"minecraft:chainmail_chestplate":3,"minecraft:spruce_boat":2,"minecraft:spruce_planks":7,"minecraft:iron_chestplate":1,"minecraft:quartz_block":1,"minecraft:mossy_stone_bricks":1,"minecraft:golden_leggings":1,"minecraft:spider_eye":6,"minecraft:stone_bricks":1,"minecraft:bow":1,"minecraft:arrow":7,"minecraft:stone_pickaxe":2,"minecraft:wooden_pickaxe":1,"chococraft:gysahl_green":21},"minecraft:killed_by":{"alexsmobs:bison":1},"minecraft:broken":{"minecraft:golden_helmet":1,"minecraft:diamond_helmet":1,"minecraft:iron_chestplate":1,"takesapillage:ravager_horn":1,"minecraft:stone_pickaxe":1}},"DataVersion":3465}