{"stats":{"minecraft:custom":{"minecraft:mob_kills":54,"minecraft:interact_with_crafting_table":3,"minecraft:open_barrel":1,"minecraft:time_since_death":39770,"minecraft:climb_one_cm":2963,"minecraft:damage_resisted":162,"minecraft:sprint_one_cm":356531,"minecraft:walk_one_cm":346516,"minecraft:damage_blocked_by_shield":1085,"minecraft:drop":55,"minecraft:play_time":175720,"minecraft:deaths":3,"minecraft:sneak_time":1875,"minecraft:walk_under_water_one_cm":11454,"minecraft:jump":3531,"minecraft:walk_on_water_one_cm":8420,"minecraft:total_world_time":175720,"minecraft:interact_with_furnace":12,"minecraft:sleep_in_bed":4,"minecraft:time_since_rest":39837,"minecraft:damage_taken":2969,"minecraft:damage_absorbed":387,"minecraft:damage_dealt":9382,"minecraft:swim_one_cm":27241,"minecraft:fly_one_cm":2545365,"minecraft:open_chest":50,"minecraft:crouch_one_cm":2368,"minecraft:fall_one_cm":93395},"minecraft:picked_up":{"chococraft:loverly_gysahl_green":24,"minecraft:crafting_table":2,"mores:graphene_battleaxe":2,"minecraft:wheat":1,"minecraft:clay_ball":16,"minecraft:shield":1,"minecraft:cornflower":1,"minecraft:string":3,"minecraft:iron_axe":2,"mores:tourmaline_gem":6,"minecraft:item_frame":1,"minecraft:gold_nugget":32,"minecraft:cobbled_deepslate":62,"mores:graphene_leggings":2,"minecraft:enchanted_golden_apple":320,"minecraft:furnace":1,"minecraft:egg":1,"minecraft:stick":2,"minecraft:raw_iron":17,"mores:topaz_gem":12,"minecraft:redstone":1,"mores:graphene_boots":3,"minecraft:dark_oak_planks":2,"mores:raw_tin":3,"minecraft:light_gray_bed":1,"minecraft:arrow":1,"minecraft:rotten_flesh":5,"minecraft:gold_ingot":1,"minecraft:iron_bars":3,"minecraft:cobblestone":247,"minecraft:andesite":1,"minecraft:golden_leggings":1,"minecraft:flint":1,"minecraft:tuff":4,"minecraft:oak_log":1,"minecraft:chainmail_chestplate":1,"minecraft:blue_bed":6,"minecraft:dirt":112,"chococraft:gysahl_green":403,"mores:onyx_ore":64,"minecraft:stone_bricks":7,"chococraft:gold_gysahl":5,"minecraft:wheat_seeds":16,"minecraft:raw_gold":3,"minecraft:iron_ingot":3,"mores:graphene_chestplate":2,"minecraft:glowstone_dust":1,"mores:graphene_helmet":2,"minecraft:iron_sword":1,"minecraft:dandelion":1,"minecraft:gravel":3,"minecraft:lava_bucket":1,"chococraft:gysahl_green_seeds":133,"mores:raw_cobalt":1,"minecraft:spruce_log":22,"minecraft:diamond":1,"mores:anthracite":3,"minecraft:painting":2,"minecraft:bread":20,"minecraft:emerald":1,"mores:raw_silver":1,"minecraft:coal":20},"minecraft:mined":{"minecraft:dark_oak_planks":2,"minecraft:deepslate_diamond_ore":1,"minecraft:grass_block":5,"minecraft:light_gray_bed":1,"minecraft:spruce_leaves":7,"minecraft:spawner":12,"minecraft:oak_trapdoor":2,"mores:deepslate_tourmaline_ore":5,"minecraft:furnace":1,"mores:deepslate_cobalt_ore":1,"chococraft:gysahl_green":139,"minecraft:pointed_dripstone":3,"minecraft:deepslate_iron_ore":5,"minecraft:iron_bars":4,"mores:deepslate_anthracite_ore":3,"minecraft:crafting_table":2,"minecraft:rose_bush":1,"minecraft:tall_grass":3,"minecraft:deepslate_gold_ore":4,"minecraft:blue_bed":6,"minecraft:spruce_log":22,"minecraft:birch_leaves":2,"minecraft:tnt":1,"minecraft:grass":40,"minecraft:coal_ore":15,"minecraft:dirt":1,"minecraft:cobweb":7,"minecraft:stone_bricks":8,"mores:deepslate_topaz_ore":11,"minecraft:oak_leaves":5,"minecraft:deepslate":4},"minecraft:used":{"alexscaves:magic_conch":1,"minecraft:flint_and_steel":50,"minecraft:spruce_planks":8,"minecraft:shield":25,"minecraft:iron_sword":22,"securitycraft:remote_access_mine":1,"alexscaves:primal_magma":2,"securitycraft:ims":3,"minecraft:dirt":5,"mores:silver_apple":1,"minecraft:wooden_axe":3,"minecraft:lava_bucket":4,"minecraft:iron_axe":20,"minecraft:chicken_spawn_egg":70,"minecraft:stone_bricks":5,"minecraft:item_frame":1,"minecraft:snow":120,"alexscaves:nuclear_furnace_component":8,"securitycraft:dirt_mine":24,"securitycraft:bouncing_betty":12,"minecraft:enchanted_golden_apple":2,"mores:topaz_battleaxe":92,"minecraft:water_bucket":14,"alexscaves:depth_charge":453,"minecraft:wooden_pickaxe":1,"minecraft:blue_bed":1,"minecraft:golden_apple":2,"alexsmobs:spawn_egg_capuchin_monkey":1,"minecraft:crafting_table":2,"mores:graphene_battleaxe":18,"chococraft:gysahl_green_seeds":76,"minecraft:bread":29,"alexscaves:extinction_spear":15,"minecraft:iron_pickaxe":77,"quark:flamerang":22,"alexscaves:volcanic_core":3,"securitycraft:mine":23,"minecraft:stone_axe":23,"minecraft:cobblestone":52,"minecraft:potion":2,"minecraft:bucket":19,"chococraft:gysahl_green":72,"alexscaves:nuclear_bomb":28},"minecraft:dropped":{"mores:topaz_battleaxe":1,"chococraft:loverly_gysahl_green":8,"minecraft:wheat_seeds":5,"mores:graphene_battleaxe":1,"mores:graphene_leggings":1,"minecraft:glass_bottle":1,"minecraft:cobblestone":2,"minecraft:apple":6,"chococraft:gysahl_green_seeds":57,"alexsmobs:squid_grapple":1,"minecraft:dirt":4,"mores:graphene_chestplate":1,"minecraft:bucket":1,"mores:onyx_ore":128,"alexsmobs:animal_dictionary":1,"minecraft:cobbled_deepslate":2,"mores:graphene_boots":2,"minecraft:wheat":1,"minecraft:iron_boots":1,"minecraft:enchanted_golden_apple":64,"mores:sterling_helmet":1,"minecraft:shield":2,"minecraft:andesite":1,"minecraft:iron_chestplate":1,"mores:graphene_helmet":1,"minecraft:stone_bricks":1,"minecraft:painting":2,"chococraft:gysahl_green":138},"minecraft:killed_by":{"alexscaves:tremorzilla":1,"minecraft:vindicator":1,"minecraft:zombie":1},"minecraft:killed":{"minecraft:cave_spider":5,"minecraft:witch":1,"alexsmobs:raccoon":1,"minecraft:spider":6,"minecraft:vindicator":4,"minecraft:skeleton":3,"alexsmobs:centipede_head":1,"minecraft:rabbit":1,"minecraft:creeper":2,"minecraft:squid":1,"alexsmobs:cockroach":1,"minecraft:zombie":14,"minecraft:stray":3,"alexsmobs:fly":1,"minecraft:wither_skeleton":1},"minecraft:crafted":{"minecraft:crafting_table":1,"minecraft:spruce_planks":80,"mores:topaz_battleaxe":2,"minecraft:wooden_pickaxe":1,"minecraft:air":0,"minecraft:shield":1,"minecraft:stick":12,"minecraft:iron_ingot":259,"minecraft:wooden_axe":1}},"DataVersion":3465}