{"stats":{"minecraft:mined":{"minecraft:nether_gold_ore":44,"minecraft:mossy_cobblestone":23,"minecraft:red_nether_bricks":3,"mores:nether_anthracite_ore":9,"minecraft:nether_bricks":11,"minecraft:granite":4,"minecraft:coal_block":36,"minecraft:spruce_leaves":3,"minecraft:chiseled_stone_bricks":1,"minecraft:spawner":28,"mores:deepslate_tourmaline_ore":7,"minecraft:mossy_cobblestone_stairs":3,"minecraft:fire":4,"minecraft:nether_brick_stairs":2,"minecraft:bookshelf":2,"minecraft:mossy_stone_brick_stairs":6,"chococraft:gysahl_green":13,"minecraft:vine":7,"minecraft:oak_stairs":3,"minecraft:iron_bars":8,"minecraft:stone":41,"minecraft:quartz_block":9,"minecraft:crafting_table":4,"minecraft:chest":1,"minecraft:cobblestone":7,"minecraft:oak_planks":7,"minecraft:diorite":3,"minecraft:jukebox":1,"minecraft:spruce_log":15,"minecraft:stone_brick_stairs":4,"minecraft:grass":1,"minecraft:coal_ore":29,"minecraft:gravel":4,"minecraft:cracked_stone_bricks":8,"minecraft:stone_bricks":11,"minecraft:netherrack":50,"minecraft:mossy_stone_bricks":17,"minecraft:deepslate":6},"minecraft:used":{"minecraft:stone_sword":46,"minecraft:flint_and_steel":1,"minecraft:shield":12,"minecraft:chest":1,"minecraft:iron_sword":236,"minecraft:rotten_flesh":28,"minecraft:netherrack":24,"minecraft:nether_brick_stairs":2,"minecraft:obsidian":6,"minecraft:wooden_axe":24,"minecraft:iron_axe":98,"tombstone:gift":2,"minecraft:cooked_beef":13,"minecraft:mossy_stone_bricks":1,"minecraft:stone_pickaxe":158,"minecraft:wooden_pickaxe":13,"minecraft:cracked_stone_bricks":1,"minecraft:mossy_cobblestone":5,"minecraft:crafting_table":5,"minecraft:bread":2,"minecraft:iron_pickaxe":214,"minecraft:gravel":1,"minecraft:stone_axe":23,"minecraft:diamond_sword":22,"minecraft:cobblestone":38,"minecraft:potion":1,"chococraft:gysahl_green":13,"minecraft:experience_bottle":6},"minecraft:dropped":{"minecraft:golden_boots":3,"minecraft:iron_sword":1,"minecraft:mossy_cobblestone":2,"minecraft:glass_bottle":5,"minecraft:iron_helmet":1,"chococraft:gysahl_green_seeds":13,"minecraft:coal_block":4,"minecraft:stick":8,"minecraft:wooden_axe":2,"minecraft:diamond_helmet":1,"minecraft:potion":2,"minecraft:iron_leggings":1,"minecraft:chainmail_leggings":2,"quark:oak_chest":1,"minecraft:spruce_sapling":1,"minecraft:gold_ingot":4,"minecraft:gravel":2,"minecraft:stone_axe":3,"minecraft:golden_chestplate":1,"minecraft:stone_sword":2,"alexsmobs:animal_dictionary":1,"alexsmobs:pigshoes":1,"minecraft:rotten_flesh":4,"minecraft:oak_planks":1,"minecraft:iron_boots":1,"minecraft:nether_bricks":5,"minecraft:chainmail_chestplate":3,"minecraft:iron_chestplate":1,"minecraft:quartz_block":1,"minecraft:mossy_stone_bricks":1,"minecraft:golden_leggings":1,"minecraft:stone_bricks":1,"minecraft:spider_eye":3,"minecraft:bow":1,"minecraft:arrow":7,"minecraft:stone_pickaxe":2,"minecraft:wooden_pickaxe":1,"chococraft:gysahl_green":20},"minecraft:killed":{"minecraft:cave_spider":5,"minecraft:spider":10,"minecraft:skeleton":26,"minecraft:zombie":46,"minecraft:stray":18,"minecraft:wither_skeleton":15},"minecraft:custom":{"minecraft:mob_kills":128,"minecraft:interact_with_crafting_table":13,"minecraft:eat_cake_slice":2,"minecraft:time_since_death":24478,"minecraft:climb_one_cm":5354,"minecraft:sprint_one_cm":142950,"minecraft:walk_one_cm":331069,"minecraft:damage_blocked_by_shield":460,"minecraft:drop":65,"minecraft:play_time":76675,"minecraft:deaths":1,"minecraft:sneak_time":872,"minecraft:walk_under_water_one_cm":392,"minecraft:jump":1303,"minecraft:walk_on_water_one_cm":497,"minecraft:total_world_time":76675,"minecraft:interact_with_furnace":2,"minecraft:time_since_rest":23891,"minecraft:damage_taken":2305,"minecraft:damage_dealt":16778,"minecraft:fly_one_cm":213431,"minecraft:swim_one_cm":8500,"minecraft:open_chest":79,"minecraft:crouch_one_cm":2602,"tombstone:undead_killed":105,"minecraft:fall_one_cm":17619},"minecraft:crafted":{"minecraft:flint_and_steel":1,"minecraft:iron_axe":1,"minecraft:stone_pickaxe":1,"minecraft:golden_helmet":1,"minecraft:crafting_table":2,"minecraft:spruce_planks":60,"minecraft:wooden_pickaxe":1,"minecraft:stone_axe":1,"minecraft:stick":12,"minecraft:iron_pickaxe":2,"minecraft:wooden_axe":1,"minecraft:stone_sword":2,"minecraft:gold_ingot":5,"mores:tourmaline_battleaxe":1},"minecraft:broken":{"minecraft:golden_helmet":1,"minecraft:stone_pickaxe":1},"minecraft:picked_up":{"minecraft:crafting_table":5,"minecraft:iron_chestplate":1,"minecraft:leather_leggings":2,"minecraft:oak_stairs":3,"minecraft:potion":4,"minecraft:stone_brick_stairs":1,"minecraft:string":1,"alexsmobs:pigshoes":1,"minecraft:iron_leggings":1,"minecraft:red_nether_bricks":3,"mores:tourmaline_gem":7,"minecraft:cracked_stone_bricks":2,"minecraft:gold_nugget":166,"minecraft:coal_block":35,"minecraft:chest":1,"minecraft:tipped_arrow":7,"minecraft:golden_helmet":1,"minecraft:jukebox":1,"tombstone:grave_dust":3,"minecraft:golden_chestplate":1,"minecraft:quartz_block":1,"minecraft:stone_sword":1,"minecraft:arrow":50,"minecraft:rotten_flesh":35,"minecraft:nether_bricks":11,"minecraft:gold_ingot":4,"minecraft:obsidian":1,"minecraft:iron_bars":8,"minecraft:cobblestone":50,"minecraft:magma_block":3,"minecraft:leather_chestplate":1,"minecraft:golden_leggings":1,"minecraft:flint":1,"minecraft:chainmail_chestplate":4,"minecraft:golden_boots":4,"minecraft:leather_boots":1,"minecraft:bone":51,"chococraft:gysahl_green":33,"minecraft:stone_bricks":3,"minecraft:bow":2,"minecraft:stone_pickaxe":1,"minecraft:mossy_stone_bricks":3,"minecraft:diamond_helmet":1,"minecraft:glass_bottle":9,"minecraft:soul_sand":5,"minecraft:oak_planks":8,"minecraft:mossy_stone_brick_stairs":3,"minecraft:book":3,"minecraft:quartz":13,"minecraft:gravel":4,"chococraft:gysahl_green_seeds":13,"minecraft:spruce_sapling":1,"minecraft:nether_brick_stairs":2,"minecraft:spruce_log":15,"quark:oak_chest":1,"minecraft:spider_eye":6,"minecraft:mossy_cobblestone":9,"minecraft:leather_helmet":1,"minecraft:bundle":1,"minecraft:diamond_shovel":1,"minecraft:stone_axe":2,"minecraft:chainmail_leggings":1,"mores:anthracite":9,"minecraft:iron_helmet":1,"minecraft:granite":7,"minecraft:mossy_cobblestone_stairs":1,"minecraft:netherrack":43,"minecraft:coal":40}},"DataVersion":3465}