{"stats":{"minecraft:custom":{"minecraft:mob_kills":41,"minecraft:interact_with_crafting_table":3,"minecraft:open_barrel":1,"minecraft:time_since_death":7503,"minecraft:sleep_in_bed":4,"minecraft:climb_one_cm":2811,"minecraft:time_since_rest":7550,"minecraft:sprint_one_cm":276768,"minecraft:damage_absorbed":70,"minecraft:damage_taken":2363,"minecraft:walk_one_cm":223050,"minecraft:damage_blocked_by_shield":1085,"minecraft:drop":35,"minecraft:damage_dealt":7512,"minecraft:swim_one_cm":19777,"minecraft:fly_one_cm":662275,"minecraft:open_chest":49,"minecraft:deaths":2,"minecraft:crouch_one_cm":1242,"minecraft:play_time":127720,"minecraft:sneak_time":532,"minecraft:walk_under_water_one_cm":5750,"minecraft:jump":2681,"minecraft:walk_on_water_one_cm":5691,"minecraft:total_world_time":127720,"minecraft:fall_one_cm":78693},"minecraft:picked_up":{"minecraft:crafting_table":2,"chococraft:loverly_gysahl_green":23,"minecraft:wheat":1,"minecraft:golden_leggings":1,"minecraft:chainmail_chestplate":1,"minecraft:shield":1,"minecraft:dirt":4,"minecraft:string":3,"minecraft:blue_bed":6,"minecraft:iron_axe":2,"mores:tourmaline_gem":5,"minecraft:item_frame":1,"chococraft:gysahl_green":403,"minecraft:stone_bricks":7,"chococraft:gold_gysahl":5,"minecraft:wheat_seeds":7,"minecraft:cobbled_deepslate":8,"minecraft:raw_gold":3,"minecraft:iron_ingot":3,"minecraft:glowstone_dust":1,"minecraft:iron_sword":1,"minecraft:furnace":1,"minecraft:stick":2,"minecraft:raw_iron":15,"minecraft:lava_bucket":1,"chococraft:gysahl_green_seeds":127,"mores:raw_cobalt":1,"mores:topaz_gem":11,"minecraft:spruce_log":22,"minecraft:redstone":1,"minecraft:dark_oak_planks":2,"minecraft:arrow":1,"minecraft:light_gray_bed":1,"minecraft:rotten_flesh":5,"minecraft:diamond":1,"mores:anthracite":3,"minecraft:painting":2,"minecraft:emerald":1,"minecraft:gold_ingot":1,"minecraft:bread":20,"minecraft:iron_bars":3,"minecraft:coal":15},"minecraft:used":{"mores:topaz_battleaxe":92,"minecraft:water_bucket":14,"minecraft:wooden_pickaxe":1,"minecraft:spruce_planks":8,"minecraft:shield":25,"minecraft:iron_sword":22,"minecraft:blue_bed":1,"minecraft:golden_apple":2,"minecraft:dirt":1,"minecraft:crafting_table":2,"mores:silver_apple":1,"minecraft:wooden_axe":3,"minecraft:lava_bucket":4,"chococraft:gysahl_green_seeds":76,"minecraft:iron_axe":20,"minecraft:bread":29,"minecraft:iron_pickaxe":77,"minecraft:item_frame":1,"minecraft:stone_axe":23,"minecraft:potion":2,"minecraft:bucket":19,"chococraft:gysahl_green":49},"minecraft:mined":{"minecraft:dark_oak_planks":2,"minecraft:deepslate_diamond_ore":1,"mores:deepslate_anthracite_ore":3,"minecraft:crafting_table":2,"minecraft:grass_block":5,"minecraft:rose_bush":1,"minecraft:light_gray_bed":1,"minecraft:tall_grass":3,"minecraft:spruce_leaves":7,"minecraft:deepslate_gold_ore":4,"minecraft:blue_bed":6,"minecraft:spawner":12,"minecraft:oak_trapdoor":2,"mores:deepslate_tourmaline_ore":5,"minecraft:furnace":1,"minecraft:birch_leaves":2,"minecraft:spruce_log":22,"minecraft:tnt":1,"mores:deepslate_cobalt_ore":1,"minecraft:grass":40,"chococraft:gysahl_green":139,"minecraft:pointed_dripstone":3,"minecraft:coal_ore":15,"minecraft:deepslate_iron_ore":5,"minecraft:iron_bars":4,"minecraft:dirt":1,"minecraft:cobweb":7,"minecraft:stone_bricks":8,"mores:deepslate_topaz_ore":11,"minecraft:oak_leaves":5,"minecraft:deepslate":4},"minecraft:dropped":{"mores:topaz_battleaxe":1,"chococraft:loverly_gysahl_green":8,"minecraft:wheat_seeds":5,"alexsmobs:animal_dictionary":1,"minecraft:glass_bottle":1,"minecraft:wheat":1,"minecraft:iron_boots":1,"minecraft:apple":6,"chococraft:gysahl_green_seeds":51,"mores:sterling_helmet":1,"minecraft:dirt":1,"minecraft:shield":2,"minecraft:iron_chestplate":1,"minecraft:painting":2,"minecraft:bucket":1,"chococraft:gysahl_green":138},"minecraft:killed_by":{"minecraft:vindicator":1,"minecraft:zombie":1},"minecraft:killed":{"minecraft:cave_spider":5,"minecraft:witch":1,"minecraft:vindicator":4,"minecraft:spider":6,"minecraft:creeper":2,"minecraft:skeleton":3,"minecraft:zombie":13,"minecraft:stray":3,"alexsmobs:centipede_head":1,"minecraft:wither_skeleton":1},"minecraft:crafted":{"minecraft:crafting_table":1,"minecraft:spruce_planks":80,"minecraft:wooden_pickaxe":1,"mores:topaz_battleaxe":2,"minecraft:shield":1,"minecraft:stick":12,"minecraft:wooden_axe":1}},"DataVersion":3465}