{"stats":{"minecraft:mined":{"minecraft:nether_gold_ore":2,"minecraft:blue_carpet":2,"minecraft:stone_pressure_plate":1,"minecraft:white_bed":17,"minecraft:light_gray_stained_glass_pane":1,"minecraft:mossy_cobblestone":6,"minecraft:oak_door":1,"mores:nether_anthracite_ore":3,"minecraft:brewing_stand":1,"minecraft:obsidian":12,"minecraft:nether_bricks":16,"minecraft:granite":6,"minecraft:grass_block":4,"minecraft:redstone_wire":1,"minecraft:coal_block":17,"minecraft:spruce_leaves":5,"minecraft:spawner":19,"minecraft:large_fern":1,"minecraft:hay_block":31,"minecraft:magma_block":6,"minecraft:furnace":4,"minecraft:fire":2,"minecraft:mossy_stone_brick_stairs":1,"chococraft:gysahl_green":43,"minecraft:bookshelf":76,"minecraft:vine":7,"minecraft:iron_bars":14,"minecraft:packed_ice":27,"minecraft:stone":50,"minecraft:red_bed":2,"minecraft:soul_sand":18,"quark:oak_chest":3,"minecraft:soul_fire":6,"minecraft:oak_fence":2,"minecraft:crafting_table":7,"minecraft:chest":8,"minecraft:campfire":7,"minecraft:nether_quartz_ore":69,"minecraft:tall_grass":2,"minecraft:cobblestone":10,"minecraft:iron_door":1,"minecraft:oak_planks":8,"minecraft:wall_torch":1,"minecraft:orange_carpet":2,"minecraft:wheat":92,"minecraft:white_carpet":2,"minecraft:spruce_log":7,"minecraft:stone_brick_stairs":1,"minecraft:smooth_stone_slab":1,"minecraft:grass":5,"minecraft:oak_log":43,"minecraft:gravel":1,"minecraft:cracked_stone_bricks":6,"minecraft:stone_bricks":9,"minecraft:netherrack":47,"minecraft:mossy_stone_bricks":5,"minecraft:oak_leaves":4,"minecraft:deepslate":5,"minecraft:fern":1},"minecraft:picked_up":{"minecraft:crafting_table":7,"minecraft:iron_chestplate":2,"chococraft:loverly_gysahl_green":2,"minecraft:wheat":87,"minecraft:leather_leggings":3,"alexscaves:cave_tablet":1,"minecraft:enchanted_book":3,"minecraft:potion":1,"minecraft:diamond_horse_armor":1,"minecraft:nether_brick":22,"minecraft:stone_brick_stairs":4,"minecraft:brewing_stand":1,"minecraft:shield":3,"minecraft:armor_stand":2,"minecraft:string":15,"minecraft:red_bed":2,"minecraft:iron_axe":1,"alexsmobs:pigshoes":2,"minecraft:cooked_salmon":2,"minecraft:smooth_stone_slab":2,"minecraft:iron_leggings":1,"minecraft:white_carpet":2,"minecraft:iron_shovel":2,"minecraft:blackstone":25,"minecraft:cracked_stone_bricks":7,"minecraft:cobbled_deepslate":5,"minecraft:gold_nugget":9,"tombstone:scroll_of_unstable_intangibility":1,"minecraft:spruce_planks":9,"minecraft:iron_nugget":7,"minecraft:coal_block":21,"minecraft:chest":8,"minecraft:furnace":4,"minecraft:iron_boots":3,"minecraft:golden_helmet":1,"minecraft:tipped_arrow":2,"minecraft:oak_door":1,"minecraft:copper_ingot":1,"minecraft:oak_fence":2,"minecraft:torch":5,"minecraft:stone_button":3,"tombstone:grave_dust":25,"minecraft:redstone":1,"minecraft:golden_chestplate":1,"minecraft:blue_carpet":3,"minecraft:stone_pressure_plate":4,"minecraft:tnt":1,"minecraft:arrow":45,"minecraft:rotten_flesh":92,"minecraft:nether_bricks":21,"minecraft:hay_block":31,"tombstone:essence_of_undeath":2,"minecraft:obsidian":14,"minecraft:iron_bars":13,"minecraft:cobblestone":59,"minecraft:oxeye_daisy":1,"minecraft:magma_block":1,"minecraft:iron_door":1,"minecraft:salmon":4,"minecraft:leather":7,"quark:smithing_template_rune":2,"minecraft:oak_log":43,"minecraft:chainmail_chestplate":2,"minecraft:golden_boots":1,"minecraft:lapis_lazuli":9,"minecraft:lantern":9,"minecraft:dirt":3,"minecraft:bone":40,"chococraft:gysahl_green":119,"minecraft:stone_bricks":26,"minecraft:bow":1,"minecraft:wheat_seeds":246,"tombstone:tablet_of_guard":1,"minecraft:mossy_stone_bricks":20,"minecraft:diamond_helmet":2,"minecraft:glass_bottle":2,"minecraft:iron_sword":2,"minecraft:oak_planks":7,"minecraft:mossy_stone_brick_stairs":1,"minecraft:soul_sand":46,"minecraft:book":228,"minecraft:quartz":73,"minecraft:gravel":10,"minecraft:white_bed":17,"chococraft:gysahl_green_seeds":19,"minecraft:nether_brick_stairs":1,"minecraft:spectral_arrow":11,"minecraft:spruce_log":6,"minecraft:crying_obsidian":9,"quark:oak_chest":3,"minecraft:spider_eye":9,"minecraft:mossy_cobblestone":16,"minecraft:bundle":1,"minecraft:chainmail_leggings":1,"mores:anthracite":3,"minecraft:iron_helmet":2,"minecraft:granite":3,"tombstone:magic_scroll":1,"minecraft:netherrack":47,"minecraft:coal":23,"minecraft:charcoal":14},"minecraft:used":{"minecraft:chest":7,"minecraft:shield":20,"minecraft:iron_sword":212,"minecraft:cooked_salmon":2,"minecraft:rotten_flesh":32,"minecraft:netherrack":43,"minecraft:oak_door":1,"minecraft:torch":43,"minecraft:dirt":3,"minecraft:nether_bricks":21,"minecraft:carrot":13,"minecraft:granite":2,"minecraft:spruce_boat":1,"minecraft:lantern":7,"minecraft:iron_axe":272,"minecraft:bow":2,"minecraft:furnace":1,"tombstone:gift":4,"minecraft:cooked_beef":4,"minecraft:wheat_seeds":91,"minecraft:cooked_mutton":2,"minecraft:stone_pickaxe":14,"minecraft:oak_planks":39,"minecraft:wooden_pickaxe":2,"minecraft:diamond_axe":156,"minecraft:leather_boots":1,"minecraft:salmon":4,"minecraft:golden_apple":2,"minecraft:mossy_cobblestone":2,"minecraft:crafting_table":10,"minecraft:red_bed":2,"minecraft:spruce_log":3,"minecraft:wooden_hoe":19,"minecraft:diamond_pickaxe":105,"minecraft:apple":4,"minecraft:diamond_shovel":18,"minecraft:bread":3,"minecraft:iron_door":1,"minecraft:iron_pickaxe":229,"minecraft:stone_axe":29,"minecraft:cobblestone":21,"minecraft:potion":1,"minecraft:cooked_porkchop":2,"chococraft:gysahl_green":54,"quark:oak_chest":8,"minecraft:experience_bottle":20,"minecraft:oak_fence":2},"minecraft:killed":{"minecraft:spider":11,"minecraft:skeleton":15,"minecraft:drowned":1,"minecraft:salmon":4,"alexsmobs:seal":1,"minecraft:creeper":1,"minecraft:zombie":49,"minecraft:stray":17,"minecraft:wither_skeleton":5},"minecraft:custom":{"minecraft:mob_kills":113,"minecraft:open_barrel":1,"minecraft:interact_with_crafting_table":30,"minecraft:leave_game":3,"minecraft:time_since_death":60197,"minecraft:climb_one_cm":2944,"minecraft:sprint_one_cm":476925,"minecraft:walk_one_cm":588898,"minecraft:damage_blocked_by_shield":733,"minecraft:drop":106,"minecraft:talked_to_villager":7,"minecraft:play_time":186641,"minecraft:deaths":2,"minecraft:sneak_time":1547,"minecraft:walk_under_water_one_cm":27572,"minecraft:boat_one_cm":305415,"minecraft:jump":3057,"minecraft:walk_on_water_one_cm":48814,"minecraft:total_world_time":186641,"minecraft:interact_with_furnace":10,"minecraft:sleep_in_bed":2,"minecraft:time_since_rest":59739,"minecraft:damage_taken":2790,"minecraft:damage_absorbed":40,"minecraft:damage_dealt":17907,"minecraft:swim_one_cm":68950,"minecraft:fly_one_cm":759260,"minecraft:open_chest":170,"minecraft:crouch_one_cm":3000,"tombstone:undead_killed":87,"minecraft:interact_with_smithing_table":1,"minecraft:fall_one_cm":50956},"minecraft:crafted":{"minecraft:oak_planks":172,"minecraft:coal":36,"minecraft:stone_button":19,"minecraft:stone":19,"minecraft:heavy_weighted_pressure_plate":1,"minecraft:iron_axe":2,"minecraft:spruce_boat":1,"minecraft:wheat":279,"minecraft:crafting_table":5,"minecraft:diamond_axe":1,"minecraft:spruce_planks":12,"minecraft:wooden_pickaxe":1,"minecraft:iron_sword":1,"minecraft:bread":100,"minecraft:air":0,"minecraft:wooden_hoe":1,"minecraft:iron_chestplate":1,"minecraft:shield":1,"minecraft:stick":20,"quark:oak_chest":5,"minecraft:torch":48},"minecraft:dropped":{"minecraft:nether_brick_stairs":1,"minecraft:enchanted_book":2,"minecraft:golden_boots":2,"minecraft:iron_sword":1,"chococraft:loverly_gysahl_green":2,"minecraft:lapis_lazuli":9,"minecraft:golden_helmet":1,"minecraft:tnt":1,"minecraft:mossy_cobblestone":13,"minecraft:glass_bottle":3,"minecraft:crafting_table":1,"minecraft:iron_helmet":1,"chococraft:gysahl_green_seeds":19,"minecraft:cracked_stone_bricks":6,"minecraft:chainmail_helmet":1,"minecraft:coal_block":1,"minecraft:flint":1,"minecraft:stick":1,"minecraft:diamond_horse_armor":1,"minecraft:diamond_helmet":2,"tombstone:grave_dust":6,"minecraft:iron_shovel":1,"minecraft:chainmail_leggings":2,"minecraft:blue_carpet":3,"minecraft:gold_ingot":27,"minecraft:redstone":1,"minecraft:gravel":9,"minecraft:blackstone":25,"minecraft:iron_nugget":7,"minecraft:golden_chestplate":1,"minecraft:nether_brick":22,"alexsmobs:pigshoes":1,"minecraft:obsidian":2,"minecraft:white_carpet":2,"minecraft:rotten_flesh":40,"minecraft:iron_boots":1,"minecraft:shield":3,"minecraft:spruce_planks":9,"minecraft:iron_chestplate":2,"minecraft:mossy_stone_bricks":1,"minecraft:golden_leggings":1,"minecraft:leather_boots":1,"minecraft:leather_leggings":3,"minecraft:spider_eye":4,"minecraft:stone_bricks":24,"minecraft:iron_bars":2,"minecraft:bow":1,"minecraft:crying_obsidian":9,"chococraft:gysahl_green":2},"minecraft:broken":{"minecraft:iron_boots":1,"minecraft:iron_leggings":1,"minecraft:iron_axe":2}},"DataVersion":3465}