{"stats":{"minecraft:mined":{"minecraft:blue_carpet":2,"minecraft:light_gray_stained_glass_pane":1,"minecraft:red_bed":2,"minecraft:mossy_cobblestone":3,"minecraft:brewing_stand":1,"minecraft:crafting_table":6,"minecraft:grass_block":3,"minecraft:chest":7,"minecraft:cobblestone":8,"minecraft:oak_planks":2,"minecraft:orange_carpet":2,"minecraft:spawner":11,"minecraft:large_fern":1,"minecraft:white_carpet":2,"minecraft:stone_brick_stairs":1,"minecraft:grass":3,"minecraft:bookshelf":3,"chococraft:gysahl_green":16,"minecraft:oak_log":7,"minecraft:iron_bars":8,"minecraft:cracked_stone_bricks":6,"minecraft:stone_bricks":5,"minecraft:stone":31,"minecraft:mossy_stone_bricks":4,"minecraft:oak_leaves":2,"minecraft:fern":1},"minecraft:used":{"minecraft:cooked_mutton":2,"minecraft:stone_pickaxe":14,"minecraft:oak_planks":4,"minecraft:chest":4,"minecraft:shield":1,"minecraft:wooden_pickaxe":2,"minecraft:iron_sword":195,"minecraft:leather_boots":1,"minecraft:torch":9,"minecraft:mossy_cobblestone":1,"minecraft:dirt":3,"minecraft:crafting_table":5,"minecraft:red_bed":1,"minecraft:carrot":11,"minecraft:apple":4,"minecraft:iron_axe":165,"minecraft:iron_pickaxe":62,"minecraft:stone_axe":29,"minecraft:cobblestone":21,"minecraft:bow":2,"tombstone:gift":2,"chococraft:gysahl_green":37,"minecraft:cooked_beef":1},"minecraft:dropped":{"minecraft:enchanted_book":2,"minecraft:golden_boots":1,"minecraft:iron_sword":1,"chococraft:loverly_gysahl_green":2,"minecraft:golden_helmet":1,"minecraft:golden_chestplate":1,"minecraft:tnt":1,"minecraft:mossy_cobblestone":13,"minecraft:iron_helmet":1,"minecraft:white_carpet":2,"minecraft:rotten_flesh":13,"chococraft:gysahl_green_seeds":16,"minecraft:cracked_stone_bricks":6,"minecraft:chainmail_helmet":1,"minecraft:stick":1,"minecraft:diamond_horse_armor":1,"minecraft:shield":3,"minecraft:iron_chestplate":1,"minecraft:mossy_stone_bricks":1,"minecraft:leather_boots":1,"minecraft:stone_bricks":24,"minecraft:leather_leggings":3,"minecraft:spider_eye":1,"minecraft:iron_bars":2,"minecraft:bow":1,"minecraft:iron_shovel":1,"minecraft:chainmail_leggings":2,"minecraft:blue_carpet":3},"minecraft:killed":{"minecraft:spider":10,"minecraft:skeleton":8,"minecraft:zombie":42,"minecraft:stray":16},"minecraft:custom":{"minecraft:interact_with_furnace":3,"minecraft:mob_kills":84,"minecraft:interact_with_crafting_table":6,"minecraft:leave_game":1,"minecraft:time_since_death":49220,"minecraft:sleep_in_bed":1,"minecraft:time_since_rest":28764,"minecraft:sprint_one_cm":139209,"minecraft:damage_taken":1267,"minecraft:walk_one_cm":216613,"minecraft:damage_blocked_by_shield":30,"minecraft:drop":41,"minecraft:damage_dealt":12681,"minecraft:fly_one_cm":155618,"minecraft:open_chest":48,"minecraft:crouch_one_cm":1434,"minecraft:play_time":61033,"tombstone:undead_killed":66,"minecraft:deaths":1,"minecraft:sneak_time":836,"minecraft:walk_under_water_one_cm":819,"minecraft:jump":800,"minecraft:walk_on_water_one_cm":13033,"minecraft:total_world_time":61033,"minecraft:fall_one_cm":13364},"minecraft:crafted":{"minecraft:oak_planks":28,"minecraft:wooden_pickaxe":1,"minecraft:iron_sword":1,"minecraft:iron_chestplate":1,"minecraft:shield":1,"minecraft:iron_axe":2},"minecraft:broken":{"minecraft:iron_axe":1,"minecraft:iron_leggings":1},"minecraft:picked_up":{"minecraft:iron_chestplate":2,"minecraft:crafting_table":5,"chococraft:loverly_gysahl_green":2,"minecraft:leather_leggings":3,"minecraft:diamond_horse_armor":1,"minecraft:stone_brick_stairs":3,"minecraft:oak_log":7,"minecraft:chainmail_chestplate":1,"minecraft:brewing_stand":1,"minecraft:shield":3,"minecraft:string":6,"minecraft:red_bed":2,"minecraft:dirt":3,"minecraft:iron_axe":1,"minecraft:iron_leggings":1,"minecraft:white_carpet":2,"minecraft:iron_shovel":2,"minecraft:bone":23,"chococraft:gysahl_green":43,"minecraft:stone_bricks":24,"minecraft:cracked_stone_bricks":6,"minecraft:bow":1,"minecraft:mossy_stone_bricks":18,"minecraft:diamond_helmet":1,"minecraft:chest":7,"minecraft:iron_sword":2,"minecraft:oak_planks":1,"minecraft:iron_boots":1,"minecraft:book":9,"minecraft:golden_helmet":1,"chococraft:gysahl_green_seeds":16,"tombstone:grave_dust":19,"minecraft:spider_eye":4,"minecraft:golden_chestplate":1,"minecraft:blue_carpet":3,"minecraft:mossy_cobblestone":14,"minecraft:tnt":1,"minecraft:arrow":31,"minecraft:rotten_flesh":82,"minecraft:chainmail_leggings":1,"minecraft:iron_helmet":1,"tombstone:essence_of_undeath":1,"tombstone:magic_scroll":1,"minecraft:iron_bars":8,"minecraft:cobblestone":38}},"DataVersion":3465}