{"stats":{"minecraft:mined":{"minecraft:blue_carpet":2,"minecraft:light_gray_stained_glass_pane":1,"minecraft:mossy_cobblestone":4,"minecraft:brewing_stand":1,"minecraft:nether_bricks":15,"minecraft:granite":1,"minecraft:grass_block":3,"minecraft:spawner":19,"minecraft:large_fern":1,"minecraft:mossy_stone_brick_stairs":1,"chococraft:gysahl_green":16,"minecraft:bookshelf":3,"minecraft:vine":7,"minecraft:iron_bars":14,"minecraft:stone":31,"minecraft:red_bed":2,"minecraft:crafting_table":6,"minecraft:chest":7,"minecraft:cobblestone":10,"minecraft:oak_planks":7,"minecraft:wall_torch":1,"minecraft:orange_carpet":2,"minecraft:white_carpet":2,"minecraft:stone_brick_stairs":1,"minecraft:grass":3,"minecraft:oak_log":23,"minecraft:gravel":1,"minecraft:cracked_stone_bricks":6,"minecraft:stone_bricks":5,"minecraft:mossy_stone_bricks":4,"minecraft:oak_leaves":2,"minecraft:deepslate":5,"minecraft:fern":1},"minecraft:used":{"minecraft:chest":6,"minecraft:shield":20,"minecraft:iron_sword":209,"minecraft:rotten_flesh":5,"minecraft:torch":43,"minecraft:dirt":3,"minecraft:nether_bricks":14,"minecraft:carrot":11,"minecraft:iron_axe":272,"minecraft:bow":2,"tombstone:gift":2,"minecraft:cooked_beef":4,"minecraft:cooked_mutton":2,"minecraft:stone_pickaxe":14,"minecraft:oak_planks":25,"minecraft:wooden_pickaxe":2,"minecraft:leather_boots":1,"minecraft:golden_apple":2,"minecraft:mossy_cobblestone":1,"minecraft:crafting_table":6,"minecraft:red_bed":1,"minecraft:diamond_pickaxe":3,"minecraft:apple":4,"minecraft:iron_pickaxe":103,"minecraft:stone_axe":29,"minecraft:cobblestone":21,"minecraft:potion":1,"minecraft:cooked_porkchop":2,"chococraft:gysahl_green":43,"minecraft:experience_bottle":6},"minecraft:dropped":{"minecraft:enchanted_book":2,"minecraft:golden_boots":1,"minecraft:iron_sword":1,"chococraft:loverly_gysahl_green":2,"minecraft:golden_helmet":1,"minecraft:tnt":1,"minecraft:mossy_cobblestone":13,"minecraft:glass_bottle":3,"minecraft:crafting_table":1,"minecraft:iron_helmet":1,"chococraft:gysahl_green_seeds":16,"minecraft:cracked_stone_bricks":6,"minecraft:chainmail_helmet":1,"minecraft:stick":1,"minecraft:diamond_horse_armor":1,"minecraft:diamond_helmet":2,"minecraft:chainmail_leggings":2,"minecraft:iron_shovel":1,"minecraft:blue_carpet":3,"minecraft:gravel":1,"minecraft:golden_chestplate":1,"minecraft:white_carpet":2,"minecraft:rotten_flesh":38,"minecraft:shield":3,"minecraft:iron_chestplate":2,"minecraft:mossy_stone_bricks":1,"minecraft:leather_boots":1,"minecraft:leather_leggings":3,"minecraft:spider_eye":1,"minecraft:stone_bricks":24,"minecraft:iron_bars":2,"minecraft:bow":1},"minecraft:killed":{"minecraft:spider":11,"minecraft:skeleton":14,"minecraft:zombie":44,"minecraft:stray":17,"minecraft:wither_skeleton":5},"minecraft:custom":{"minecraft:mob_kills":100,"minecraft:interact_with_crafting_table":7,"minecraft:leave_game":1,"minecraft:time_since_death":73220,"minecraft:climb_one_cm":2076,"minecraft:sprint_one_cm":248141,"minecraft:walk_one_cm":325407,"minecraft:damage_blocked_by_shield":733,"minecraft:drop":50,"minecraft:play_time":85033,"minecraft:deaths":1,"minecraft:sneak_time":952,"minecraft:walk_under_water_one_cm":819,"minecraft:jump":997,"minecraft:walk_on_water_one_cm":13324,"minecraft:total_world_time":85033,"minecraft:interact_with_furnace":3,"minecraft:sleep_in_bed":1,"minecraft:time_since_rest":52764,"minecraft:damage_taken":2073,"minecraft:damage_absorbed":40,"minecraft:damage_dealt":16195,"minecraft:fly_one_cm":195183,"minecraft:open_chest":78,"minecraft:crouch_one_cm":1810,"tombstone:undead_killed":80,"minecraft:fall_one_cm":15517},"minecraft:crafted":{"minecraft:oak_planks":92,"minecraft:coal":36,"minecraft:iron_axe":2,"minecraft:crafting_table":1,"minecraft:wooden_pickaxe":1,"minecraft:iron_sword":1,"minecraft:iron_chestplate":1,"minecraft:shield":1,"minecraft:stick":12,"minecraft:torch":48},"minecraft:broken":{"minecraft:iron_boots":1,"minecraft:iron_leggings":1,"minecraft:iron_axe":2},"minecraft:picked_up":{"chococraft:loverly_gysahl_green":2,"minecraft:crafting_table":6,"minecraft:iron_chestplate":2,"minecraft:leather_leggings":3,"minecraft:diamond_horse_armor":1,"minecraft:stone_brick_stairs":4,"minecraft:brewing_stand":1,"minecraft:shield":3,"minecraft:iron_axe":1,"minecraft:string":8,"minecraft:red_bed":2,"minecraft:iron_leggings":1,"minecraft:white_carpet":2,"minecraft:iron_shovel":2,"minecraft:cracked_stone_bricks":7,"minecraft:cobbled_deepslate":5,"minecraft:coal_block":4,"minecraft:chest":7,"minecraft:iron_boots":2,"minecraft:golden_helmet":1,"minecraft:tipped_arrow":2,"minecraft:torch":1,"tombstone:grave_dust":25,"minecraft:golden_chestplate":1,"minecraft:blue_carpet":3,"minecraft:tnt":1,"minecraft:arrow":45,"minecraft:rotten_flesh":83,"minecraft:nether_bricks":19,"tombstone:essence_of_undeath":2,"minecraft:iron_bars":13,"minecraft:cobblestone":40,"minecraft:oak_log":23,"minecraft:chainmail_chestplate":2,"minecraft:golden_boots":1,"minecraft:dirt":3,"minecraft:bone":40,"chococraft:gysahl_green":43,"minecraft:stone_bricks":24,"minecraft:bow":1,"minecraft:mossy_stone_bricks":20,"minecraft:diamond_helmet":2,"minecraft:glass_bottle":2,"minecraft:oak_planks":6,"minecraft:iron_sword":2,"minecraft:mossy_stone_brick_stairs":1,"minecraft:book":9,"minecraft:gravel":2,"chococraft:gysahl_green_seeds":16,"minecraft:spider_eye":6,"minecraft:mossy_cobblestone":15,"minecraft:bundle":1,"minecraft:chainmail_leggings":1,"minecraft:iron_helmet":2,"minecraft:granite":1,"tombstone:magic_scroll":1,"minecraft:coal":2}},"DataVersion":3465}