{"stats":{"minecraft:mined":{"minecraft:furnace":1,"minecraft:wheat":11,"minecraft:spruce_log":7,"minecraft:yellow_bed":1,"minecraft:crafting_table":1,"minecraft:grass":2,"chococraft:gysahl_green":18,"minecraft:grass_block":1,"minecraft:oak_log":11,"minecraft:dirt":2,"minecraft:tall_grass":1,"minecraft:stone":16,"minecraft:sugar_cane":2},"minecraft:killed":{"minecraft:sheep":9,"minecraft:zombie":1,"minecraft:pig":2,"minecraft:chicken":5,"minecraft:cow":4},"minecraft:used":{"minecraft:stone_pickaxe":1,"minecraft:bread":1,"minecraft:wooden_pickaxe":20,"minecraft:rotten_flesh":2,"minecraft:stone_axe":35,"minecraft:dirt":3,"minecraft:crafting_table":1,"minecraft:furnace":1,"minecraft:cooked_porkchop":1},"minecraft:crafted":{"minecraft:cooked_porkchop":2,"minecraft:crafting_table":1,"minecraft:spruce_planks":20,"minecraft:stick":8,"minecraft:wooden_pickaxe":1,"minecraft:stone_pickaxe":1,"minecraft:furnace":1,"minecraft:stone_axe":1,"minecraft:air":0,"minecraft:bread":1},"minecraft:dropped":{"minecraft:wheat_seeds":19,"alexsmobs:animal_dictionary":1,"minecraft:wheat":1,"minecraft:cobblestone":2,"minecraft:wooden_pickaxe":1,"minecraft:egg":4},"minecraft:custom":{"minecraft:time_since_rest":17201,"minecraft:interact_with_furnace":5,"minecraft:sprint_one_cm":24280,"minecraft:damage_taken":120,"minecraft:walk_one_cm":31025,"minecraft:mob_kills":21,"minecraft:drop":6,"minecraft:damage_dealt":1587,"minecraft:swim_one_cm":1264,"minecraft:interact_with_crafting_table":8,"minecraft:fly_one_cm":73848,"minecraft:play_time":17201,"minecraft:sneak_time":6,"minecraft:walk_under_water_one_cm":242,"minecraft:jump":273,"minecraft:walk_on_water_one_cm":137,"minecraft:time_since_death":17201,"minecraft:climb_one_cm":934,"minecraft:total_world_time":17201,"minecraft:fall_one_cm":5910},"minecraft:picked_up":{"minecraft:charcoal":3,"chococraft:loverly_gysahl_green":3,"minecraft:crafting_table":1,"minecraft:wheat":4,"minecraft:feather":6,"minecraft:chicken":5,"minecraft:leather":1,"minecraft:porkchop":3,"minecraft:oak_log":11,"chococraft:gysahl_green_seeds":18,"minecraft:yellow_bed":1,"minecraft:spruce_log":5,"minecraft:dirt":3,"chococraft:gysahl_green":53,"minecraft:rotten_flesh":2,"minecraft:wheat_seeds":19,"minecraft:beef":10,"minecraft:sugar_cane":5,"minecraft:mutton":13,"minecraft:furnace":1,"minecraft:white_wool":9,"minecraft:cobblestone":16,"minecraft:egg":4}},"DataVersion":3465}