{"stats":{"minecraft:mined":{"minecraft:nether_gold_ore":2,"minecraft:blue_carpet":2,"minecraft:stone_pressure_plate":3,"minecraft:white_bed":21,"minecraft:light_gray_stained_glass_pane":1,"minecraft:mossy_cobblestone":6,"minecraft:oak_door":2,"mores:nether_anthracite_ore":3,"minecraft:stone_brick_wall":2,"minecraft:spruce_trapdoor":3,"minecraft:brewing_stand":1,"minecraft:obsidian":12,"minecraft:nether_bricks":16,"minecraft:granite":6,"minecraft:grass_block":10,"minecraft:redstone_wire":1,"minecraft:coal_block":20,"minecraft:spruce_leaves":5,"minecraft:spawner":19,"minecraft:large_fern":1,"minecraft:hay_block":52,"minecraft:magma_block":6,"minecraft:furnace":6,"minecraft:fire":2,"minecraft:mossy_stone_brick_stairs":1,"chococraft:gysahl_green":43,"minecraft:bookshelf":100,"minecraft:vine":7,"minecraft:iron_bars":14,"minecraft:packed_ice":27,"minecraft:stone":77,"minecraft:glass_pane":2,"minecraft:red_bed":2,"minecraft:soul_sand":18,"quark:oak_chest":4,"minecraft:smoker":1,"minecraft:soul_fire":6,"minecraft:spruce_door":2,"minecraft:oak_fence":26,"minecraft:crafting_table":7,"minecraft:blast_furnace":1,"minecraft:chest":8,"minecraft:white_stained_glass_pane":7,"minecraft:campfire":11,"minecraft:nether_quartz_ore":69,"minecraft:tall_grass":2,"minecraft:cobblestone":10,"minecraft:sugar_cane":6,"minecraft:iron_door":1,"minecraft:oak_planks":8,"minecraft:wall_torch":1,"minecraft:orange_carpet":2,"minecraft:wheat":92,"minecraft:white_carpet":2,"minecraft:spruce_log":7,"minecraft:stone_brick_stairs":1,"minecraft:smooth_stone_slab":6,"minecraft:grass":6,"minecraft:oak_log":52,"minecraft:oak_fence_gate":1,"minecraft:gravel":1,"minecraft:dirt":3,"minecraft:cracked_stone_bricks":6,"minecraft:stone_bricks":12,"minecraft:netherrack":47,"minecraft:mossy_stone_bricks":5,"minecraft:oak_leaves":4,"minecraft:deepslate":5,"minecraft:fern":1},"minecraft:picked_up":{"minecraft:crafting_table":7,"minecraft:iron_chestplate":2,"chococraft:loverly_gysahl_green":2,"minecraft:wheat":87,"minecraft:leather_leggings":3,"alexscaves:cave_tablet":1,"minecraft:stone_brick_wall":2,"minecraft:enchanted_book":3,"minecraft:potion":1,"minecraft:diamond_horse_armor":1,"minecraft:nether_brick":22,"minecraft:stone_brick_stairs":4,"minecraft:brewing_stand":1,"minecraft:shield":3,"minecraft:item_frame":2,"minecraft:armor_stand":2,"minecraft:string":18,"minecraft:red_bed":2,"minecraft:iron_axe":1,"alexsmobs:pigshoes":2,"minecraft:cooked_salmon":2,"minecraft:smooth_stone_slab":12,"minecraft:iron_leggings":1,"minecraft:white_carpet":2,"minecraft:iron_shovel":2,"minecraft:blackstone":25,"minecraft:oak_sign":2,"minecraft:cracked_stone_bricks":7,"minecraft:cobbled_deepslate":5,"minecraft:gold_nugget":9,"tombstone:scroll_of_unstable_intangibility":1,"minecraft:spruce_planks":9,"minecraft:iron_nugget":7,"minecraft:sugar_cane":15,"minecraft:coal_block":24,"minecraft:chest":8,"minecraft:spruce_trapdoor":3,"minecraft:furnace":6,"minecraft:iron_boots":3,"minecraft:golden_helmet":1,"minecraft:tipped_arrow":2,"minecraft:oak_door":2,"minecraft:copper_ingot":1,"minecraft:oak_fence":26,"minecraft:torch":5,"minecraft:stone_button":6,"tombstone:grave_dust":25,"minecraft:redstone":1,"minecraft:golden_chestplate":1,"minecraft:blue_carpet":3,"minecraft:stone_pressure_plate":6,"minecraft:tnt":1,"minecraft:arrow":45,"minecraft:rotten_flesh":93,"minecraft:pumpkin_pie":2,"minecraft:nether_bricks":21,"minecraft:hay_block":52,"tombstone:essence_of_undeath":2,"minecraft:mutton":4,"minecraft:obsidian":14,"minecraft:iron_bars":13,"minecraft:cobblestone":86,"minecraft:oxeye_daisy":1,"minecraft:magma_block":1,"minecraft:iron_door":1,"minecraft:salmon":4,"minecraft:leather":7,"minecraft:smoker":1,"minecraft:potato":9,"quark:smithing_template_rune":2,"minecraft:oak_log":51,"minecraft:chainmail_chestplate":2,"minecraft:golden_boots":1,"minecraft:map":3,"minecraft:lapis_lazuli":9,"minecraft:lantern":10,"minecraft:dirt":12,"minecraft:bone":40,"chococraft:gysahl_green":119,"minecraft:stone_bricks":29,"minecraft:bow":1,"minecraft:wheat_seeds":246,"minecraft:oak_fence_gate":1,"tombstone:tablet_of_guard":1,"minecraft:rabbit":2,"minecraft:mossy_stone_bricks":20,"minecraft:diamond_helmet":2,"minecraft:glass_bottle":2,"minecraft:iron_sword":2,"minecraft:oak_planks":7,"minecraft:mossy_stone_brick_stairs":1,"minecraft:soul_sand":46,"minecraft:book":300,"minecraft:quartz":73,"minecraft:blast_furnace":1,"minecraft:oak_pressure_plate":3,"minecraft:gravel":10,"minecraft:spruce_door":2,"minecraft:white_bed":21,"chococraft:gysahl_green_seeds":19,"minecraft:nether_brick_stairs":1,"minecraft:spectral_arrow":11,"minecraft:spruce_log":6,"minecraft:crying_obsidian":9,"quark:oak_chest":4,"minecraft:spider_eye":9,"minecraft:mossy_cobblestone":16,"minecraft:bundle":1,"minecraft:chainmail_leggings":2,"mores:anthracite":3,"minecraft:iron_helmet":2,"minecraft:granite":3,"tombstone:magic_scroll":1,"minecraft:netherrack":47,"minecraft:coal":37,"minecraft:charcoal":22},"minecraft:used":{"minecraft:chest":7,"minecraft:shield":20,"minecraft:iron_sword":212,"minecraft:cooked_salmon":2,"minecraft:rotten_flesh":32,"minecraft:netherrack":43,"minecraft:oak_door":1,"minecraft:torch":43,"minecraft:dirt":3,"minecraft:nether_bricks":21,"minecraft:carrot":13,"minecraft:acacia_sapling":2,"minecraft:granite":2,"minecraft:spruce_boat":1,"minecraft:lantern":7,"minecraft:iron_axe":272,"minecraft:bow":2,"minecraft:hay_block":3,"minecraft:furnace":5,"tombstone:gift":4,"minecraft:cooked_beef":4,"minecraft:wheat_seeds":91,"minecraft:cooked_mutton":2,"minecraft:stone_pickaxe":14,"minecraft:oak_planks":39,"minecraft:wooden_pickaxe":2,"minecraft:sugar_cane":15,"minecraft:diamond_axe":258,"minecraft:leather_boots":1,"minecraft:salmon":4,"minecraft:golden_apple":2,"minecraft:mossy_cobblestone":2,"minecraft:crafting_table":11,"minecraft:red_bed":2,"minecraft:blast_furnace":1,"minecraft:white_bed":1,"minecraft:smoker":1,"minecraft:spruce_log":3,"minecraft:wooden_hoe":19,"minecraft:diamond_pickaxe":157,"minecraft:apple":4,"minecraft:diamond_shovel":28,"minecraft:bread":6,"minecraft:iron_door":1,"minecraft:iron_pickaxe":229,"minecraft:stone_axe":29,"minecraft:cobblestone":21,"minecraft:potion":1,"minecraft:cooked_porkchop":2,"minecraft:smooth_stone_slab":4,"chococraft:gysahl_green":54,"quark:oak_chest":11,"minecraft:experience_bottle":20,"minecraft:oak_fence":10},"minecraft:killed":{"minecraft:spider":12,"minecraft:skeleton":15,"minecraft:drowned":1,"minecraft:salmon":4,"alexsmobs:seal":1,"minecraft:creeper":1,"alexsmobs:terrapin":1,"minecraft:zombie":51,"minecraft:stray":17,"minecraft:wither_skeleton":5},"minecraft:custom":{"minecraft:mob_kills":117,"minecraft:open_barrel":1,"minecraft:interact_with_crafting_table":37,"minecraft:leave_game":3,"minecraft:time_since_death":14652,"minecraft:climb_one_cm":3562,"minecraft:sprint_one_cm":535775,"minecraft:walk_one_cm":675458,"minecraft:damage_blocked_by_shield":733,"minecraft:drop":106,"minecraft:talked_to_villager":7,"minecraft:play_time":216641,"minecraft:deaths":4,"minecraft:sneak_time":1915,"minecraft:walk_under_water_one_cm":28585,"minecraft:boat_one_cm":305415,"minecraft:jump":3352,"minecraft:interact_with_blast_furnace":1,"minecraft:walk_on_water_one_cm":65038,"minecraft:total_world_time":216641,"minecraft:interact_with_furnace":19,"minecraft:sleep_in_bed":2,"minecraft:time_since_rest":12253,"minecraft:damage_taken":11287,"minecraft:damage_absorbed":40,"minecraft:damage_dealt":18837,"minecraft:swim_one_cm":70188,"minecraft:fly_one_cm":985419,"minecraft:open_chest":216,"minecraft:crouch_one_cm":3262,"tombstone:undead_killed":89,"minecraft:interact_with_smoker":1,"minecraft:horse_one_cm":61455,"minecraft:interact_with_smithing_table":1,"minecraft:fall_one_cm":136076},"minecraft:crafted":{"minecraft:oak_planks":204,"minecraft:coal":207,"minecraft:stone_button":19,"minecraft:stone":19,"minecraft:heavy_weighted_pressure_plate":1,"minecraft:iron_axe":2,"minecraft:spruce_boat":1,"minecraft:wheat":441,"minecraft:crafting_table":5,"minecraft:diamond_axe":1,"minecraft:spruce_planks":12,"minecraft:wooden_pickaxe":1,"minecraft:iron_sword":1,"minecraft:bread":200,"minecraft:air":0,"minecraft:wooden_hoe":1,"minecraft:iron_chestplate":1,"minecraft:shield":1,"minecraft:stick":20,"quark:oak_chest":8,"minecraft:torch":48},"minecraft:dropped":{"minecraft:nether_brick_stairs":1,"minecraft:enchanted_book":2,"minecraft:golden_boots":2,"minecraft:iron_sword":1,"chococraft:loverly_gysahl_green":2,"minecraft:lapis_lazuli":9,"minecraft:golden_helmet":1,"minecraft:tnt":1,"minecraft:mossy_cobblestone":13,"minecraft:glass_bottle":3,"minecraft:crafting_table":1,"minecraft:iron_helmet":1,"chococraft:gysahl_green_seeds":19,"minecraft:cracked_stone_bricks":6,"minecraft:chainmail_helmet":1,"minecraft:coal_block":1,"minecraft:flint":1,"minecraft:stick":1,"minecraft:diamond_horse_armor":1,"minecraft:diamond_helmet":2,"tombstone:grave_dust":6,"minecraft:iron_shovel":1,"minecraft:chainmail_leggings":2,"minecraft:blue_carpet":3,"minecraft:gold_ingot":27,"minecraft:redstone":1,"minecraft:gravel":9,"minecraft:blackstone":25,"minecraft:iron_nugget":7,"minecraft:golden_chestplate":1,"minecraft:nether_brick":22,"alexsmobs:pigshoes":1,"minecraft:obsidian":2,"minecraft:white_carpet":2,"minecraft:rotten_flesh":40,"minecraft:iron_boots":1,"minecraft:shield":3,"minecraft:spruce_planks":9,"minecraft:iron_chestplate":2,"minecraft:mossy_stone_bricks":1,"minecraft:golden_leggings":1,"minecraft:leather_boots":1,"minecraft:leather_leggings":3,"minecraft:spider_eye":4,"minecraft:stone_bricks":24,"minecraft:iron_bars":2,"minecraft:bow":1,"minecraft:crying_obsidian":9,"chococraft:gysahl_green":2},"minecraft:killed_by":{"alexsmobs:crocodile":1},"minecraft:broken":{"minecraft:iron_boots":1,"minecraft:iron_leggings":1,"minecraft:iron_axe":2}},"DataVersion":3465}