{"stats":{"minecraft:mined":{"minecraft:nether_gold_ore":2,"minecraft:blue_carpet":2,"minecraft:light_gray_stained_glass_pane":1,"minecraft:mossy_cobblestone":6,"mores:nether_anthracite_ore":3,"minecraft:brewing_stand":1,"minecraft:obsidian":12,"minecraft:nether_bricks":16,"minecraft:granite":6,"minecraft:grass_block":3,"minecraft:coal_block":1,"minecraft:spawner":19,"minecraft:large_fern":1,"minecraft:magma_block":6,"minecraft:fire":2,"minecraft:mossy_stone_brick_stairs":1,"chococraft:gysahl_green":16,"minecraft:bookshelf":3,"minecraft:vine":7,"minecraft:iron_bars":14,"minecraft:packed_ice":11,"minecraft:stone":31,"minecraft:red_bed":2,"minecraft:soul_sand":18,"quark:oak_chest":1,"minecraft:soul_fire":6,"minecraft:crafting_table":6,"minecraft:chest":8,"minecraft:nether_quartz_ore":69,"minecraft:cobblestone":10,"minecraft:oak_planks":7,"minecraft:wall_torch":1,"minecraft:orange_carpet":2,"minecraft:white_carpet":2,"minecraft:stone_brick_stairs":1,"minecraft:grass":3,"minecraft:oak_log":23,"minecraft:gravel":1,"minecraft:cracked_stone_bricks":6,"minecraft:stone_bricks":5,"minecraft:netherrack":47,"minecraft:mossy_stone_bricks":4,"minecraft:oak_leaves":4,"minecraft:deepslate":5,"minecraft:fern":1},"minecraft:used":{"minecraft:chest":7,"minecraft:shield":20,"minecraft:iron_sword":212,"minecraft:rotten_flesh":26,"minecraft:netherrack":26,"minecraft:torch":43,"minecraft:dirt":3,"minecraft:nether_bricks":21,"minecraft:carrot":13,"minecraft:granite":2,"minecraft:iron_axe":272,"minecraft:bow":2,"tombstone:gift":2,"minecraft:cooked_beef":4,"minecraft:cooked_mutton":2,"minecraft:stone_pickaxe":14,"minecraft:oak_planks":25,"minecraft:wooden_pickaxe":2,"minecraft:diamond_axe":3,"minecraft:leather_boots":1,"minecraft:golden_apple":2,"minecraft:mossy_cobblestone":2,"minecraft:crafting_table":7,"minecraft:red_bed":2,"minecraft:diamond_pickaxe":43,"minecraft:apple":4,"minecraft:diamond_shovel":18,"minecraft:iron_pickaxe":226,"minecraft:stone_axe":29,"minecraft:cobblestone":21,"minecraft:potion":1,"minecraft:cooked_porkchop":2,"chococraft:gysahl_green":43,"quark:oak_chest":2,"minecraft:experience_bottle":20},"minecraft:dropped":{"minecraft:nether_brick_stairs":1,"minecraft:enchanted_book":2,"minecraft:golden_boots":2,"minecraft:iron_sword":1,"chococraft:loverly_gysahl_green":2,"minecraft:lapis_lazuli":9,"minecraft:golden_helmet":1,"minecraft:tnt":1,"minecraft:mossy_cobblestone":13,"minecraft:glass_bottle":3,"minecraft:crafting_table":1,"minecraft:iron_helmet":1,"chococraft:gysahl_green_seeds":16,"minecraft:cracked_stone_bricks":6,"minecraft:chainmail_helmet":1,"minecraft:coal_block":1,"minecraft:flint":1,"minecraft:stick":1,"minecraft:diamond_horse_armor":1,"minecraft:diamond_helmet":2,"tombstone:grave_dust":6,"minecraft:chainmail_leggings":2,"minecraft:iron_shovel":1,"minecraft:blue_carpet":3,"minecraft:gold_ingot":27,"minecraft:gravel":9,"minecraft:blackstone":25,"minecraft:iron_nugget":7,"minecraft:golden_chestplate":1,"minecraft:nether_brick":22,"alexsmobs:pigshoes":1,"minecraft:obsidian":2,"minecraft:white_carpet":2,"minecraft:rotten_flesh":38,"minecraft:iron_boots":1,"minecraft:shield":3,"minecraft:iron_chestplate":2,"minecraft:mossy_stone_bricks":1,"minecraft:leather_boots":1,"minecraft:leather_leggings":3,"minecraft:spider_eye":4,"minecraft:stone_bricks":24,"minecraft:iron_bars":2,"minecraft:bow":1,"minecraft:crying_obsidian":9},"minecraft:killed":{"minecraft:spider":11,"minecraft:skeleton":15,"minecraft:creeper":1,"minecraft:zombie":44,"minecraft:stray":17,"minecraft:wither_skeleton":5},"minecraft:custom":{"minecraft:mob_kills":102,"minecraft:interact_with_crafting_table":11,"minecraft:leave_game":2,"minecraft:time_since_death":112261,"minecraft:climb_one_cm":2254,"minecraft:sprint_one_cm":332386,"minecraft:walk_one_cm":420925,"minecraft:damage_blocked_by_shield":733,"minecraft:drop":94,"minecraft:play_time":124074,"minecraft:deaths":1,"minecraft:sneak_time":1070,"minecraft:walk_under_water_one_cm":5124,"minecraft:jump":1629,"minecraft:walk_on_water_one_cm":17540,"minecraft:total_world_time":124074,"minecraft:interact_with_furnace":3,"minecraft:sleep_in_bed":2,"minecraft:time_since_rest":981,"minecraft:damage_taken":2456,"minecraft:damage_absorbed":40,"minecraft:damage_dealt":16456,"minecraft:swim_one_cm":14465,"minecraft:fly_one_cm":326819,"minecraft:open_chest":132,"minecraft:crouch_one_cm":1932,"tombstone:undead_killed":81,"minecraft:fall_one_cm":30698},"minecraft:crafted":{"minecraft:oak_planks":92,"minecraft:coal":36,"minecraft:iron_axe":2,"minecraft:diamond_axe":1,"minecraft:crafting_table":2,"minecraft:wooden_pickaxe":1,"minecraft:iron_sword":1,"minecraft:iron_chestplate":1,"minecraft:shield":1,"minecraft:stick":16,"quark:oak_chest":1,"minecraft:torch":48},"minecraft:broken":{"minecraft:iron_boots":1,"minecraft:iron_leggings":1,"minecraft:iron_axe":2},"minecraft:picked_up":{"chococraft:loverly_gysahl_green":2,"minecraft:crafting_table":6,"minecraft:iron_chestplate":2,"minecraft:leather_leggings":3,"minecraft:potion":1,"minecraft:diamond_horse_armor":1,"minecraft:nether_brick":22,"minecraft:stone_brick_stairs":4,"minecraft:brewing_stand":1,"minecraft:shield":3,"alexsmobs:pigshoes":2,"minecraft:iron_axe":1,"minecraft:string":15,"minecraft:red_bed":2,"minecraft:iron_leggings":1,"minecraft:white_carpet":2,"minecraft:iron_shovel":2,"minecraft:blackstone":25,"minecraft:cracked_stone_bricks":7,"minecraft:gold_nugget":9,"minecraft:cobbled_deepslate":5,"minecraft:iron_nugget":7,"minecraft:coal_block":5,"minecraft:chest":8,"minecraft:iron_boots":3,"minecraft:golden_helmet":1,"minecraft:tipped_arrow":2,"minecraft:torch":5,"tombstone:grave_dust":25,"minecraft:golden_chestplate":1,"minecraft:blue_carpet":3,"minecraft:tnt":1,"minecraft:arrow":45,"minecraft:rotten_flesh":83,"minecraft:nether_bricks":21,"tombstone:essence_of_undeath":2,"minecraft:obsidian":14,"minecraft:iron_bars":13,"minecraft:cobblestone":40,"minecraft:magma_block":1,"minecraft:leather":7,"minecraft:oak_log":23,"minecraft:chainmail_chestplate":2,"minecraft:golden_boots":1,"minecraft:lapis_lazuli":9,"minecraft:dirt":3,"minecraft:bone":40,"chococraft:gysahl_green":43,"minecraft:stone_bricks":24,"minecraft:bow":1,"minecraft:mossy_stone_bricks":20,"minecraft:diamond_helmet":2,"minecraft:glass_bottle":2,"minecraft:soul_sand":46,"minecraft:oak_planks":6,"minecraft:iron_sword":2,"minecraft:mossy_stone_brick_stairs":1,"minecraft:book":9,"minecraft:quartz":73,"minecraft:gravel":10,"chococraft:gysahl_green_seeds":16,"minecraft:nether_brick_stairs":1,"minecraft:spectral_arrow":11,"minecraft:crying_obsidian":9,"quark:oak_chest":1,"minecraft:spider_eye":9,"minecraft:mossy_cobblestone":16,"minecraft:bundle":1,"mores:anthracite":3,"minecraft:chainmail_leggings":1,"minecraft:iron_helmet":2,"minecraft:granite":3,"tombstone:magic_scroll":1,"minecraft:netherrack":47,"minecraft:coal":2}},"DataVersion":3465}