{"stats":{"minecraft:custom":{"minecraft:interact_with_furnace":35,"minecraft:mob_kills":25,"minecraft:interact_with_crafting_table":22,"minecraft:leave_game":1,"minecraft:time_since_death":60065,"minecraft:sleep_in_bed":2,"minecraft:climb_one_cm":934,"minecraft:time_since_rest":19948,"minecraft:sprint_one_cm":117512,"minecraft:damage_taken":360,"minecraft:walk_one_cm":102208,"minecraft:drop":18,"minecraft:damage_dealt":1866,"minecraft:swim_one_cm":2814,"minecraft:fly_one_cm":298338,"minecraft:open_chest":5,"minecraft:crouch_one_cm":494,"minecraft:play_time":60065,"minecraft:sneak_time":190,"minecraft:walk_under_water_one_cm":1296,"minecraft:jump":1159,"minecraft:walk_on_water_one_cm":4174,"minecraft:interact_with_smoker":1,"minecraft:total_world_time":60065,"minecraft:fall_one_cm":30365},"minecraft:picked_up":{"minecraft:charcoal":3,"chococraft:loverly_gysahl_green":3,"minecraft:crafting_table":2,"minecraft:wheat":4,"minecraft:feather":9,"minecraft:chicken":7,"minecraft:clay_ball":2,"minecraft:leather":5,"minecraft:smoker":1,"minecraft:flint":4,"minecraft:oak_log":11,"minecraft:yellow_bed":4,"minecraft:dirt":3,"minecraft:item_frame":2,"chococraft:gysahl_green":62,"minecraft:wheat_seeds":19,"minecraft:beef":15,"minecraft:spruce_slab":1,"minecraft:sugar_cane":14,"minecraft:egg":4,"minecraft:furnace":2,"minecraft:book":39,"minecraft:raw_iron":5,"quark:shale":2,"minecraft:gravel":2,"minecraft:porkchop":3,"chococraft:gysahl_green_seeds":22,"minecraft:white_bed":1,"minecraft:spruce_log":16,"mores:raw_tin":30,"minecraft:rotten_flesh":2,"minecraft:writable_book":1,"minecraft:granite":3,"minecraft:mutton":13,"minecraft:cobblestone":20,"minecraft:white_wool":9},"minecraft:used":{"minecraft:stone_pickaxe":18,"minecraft:wooden_pickaxe":20,"minecraft:rotten_flesh":2,"minecraft:torch":7,"minecraft:dirt":3,"minecraft:crafting_table":3,"minecraft:bread":5,"minecraft:gravel":2,"minecraft:item_frame":1,"minecraft:stone_axe":71,"minecraft:furnace":2,"minecraft:cooked_porkchop":2,"minecraft:yellow_bed":3,"chococraft:gysahl_green":15},"minecraft:mined":{"quark:shale":1,"minecraft:smoker":1,"minecraft:crafting_table":2,"minecraft:glow_lichen":1,"minecraft:grass_block":6,"minecraft:tall_grass":1,"minecraft:spruce_leaves":1,"minecraft:sugar_cane":6,"mores:tin_ore":8,"minecraft:furnace":2,"minecraft:iron_ore":5,"minecraft:wheat":11,"minecraft:spruce_log":19,"minecraft:yellow_bed":4,"minecraft:grass":3,"minecraft:bookshelf":13,"chococraft:gysahl_green":21,"minecraft:oak_log":11,"minecraft:gravel":6,"minecraft:dirt":5,"minecraft:stone":16,"minecraft:spruce_slab":1},"minecraft:dropped":{"minecraft:wheat_seeds":19,"alexsmobs:animal_dictionary":1,"mores:raw_tin":6,"minecraft:wheat":1,"minecraft:cobblestone":6,"minecraft:clay_ball":1,"chococraft:gysahl_green_seeds":22,"minecraft:granite":3,"quark:shale":2,"minecraft:white_bed":1,"minecraft:item_frame":1,"minecraft:spruce_slab":1,"minecraft:wooden_pickaxe":1,"minecraft:egg":4},"minecraft:killed":{"minecraft:pig":2,"minecraft:sheep":9,"minecraft:zombie":1,"minecraft:chicken":7,"minecraft:cow":6},"minecraft:crafted":{"minecraft:oak_planks":44,"minecraft:cooked_porkchop":2,"mores:tin_chestplate":1,"minecraft:crafting_table":1,"minecraft:spruce_planks":64,"minecraft:wooden_pickaxe":1,"mores:tin_helmet":1,"minecraft:furnace":1,"minecraft:stone_axe":1,"mores:tin_leggings":1,"minecraft:bread":1,"minecraft:air":0,"mores:tin_boots":1,"mores:tin_ingot":24,"minecraft:stick":8,"minecraft:stone_pickaxe":1,"minecraft:white_bed":1,"minecraft:torch":8}},"DataVersion":3465}