{"stats":{"minecraft:custom":{"minecraft:mob_kills":33,"minecraft:interact_with_crafting_table":24,"minecraft:leave_game":2,"minecraft:time_since_death":17076,"minecraft:climb_one_cm":934,"minecraft:sprint_one_cm":151804,"minecraft:walk_one_cm":156189,"minecraft:drop":52,"minecraft:play_time":91131,"minecraft:deaths":1,"minecraft:sneak_time":360,"minecraft:walk_under_water_one_cm":1296,"minecraft:jump":1485,"minecraft:walk_on_water_one_cm":4174,"minecraft:total_world_time":91131,"minecraft:interact_with_furnace":39,"minecraft:sleep_in_bed":2,"minecraft:time_since_rest":17117,"minecraft:damage_taken":1156,"minecraft:damage_dealt":22990,"minecraft:fly_one_cm":586581,"minecraft:swim_one_cm":2814,"minecraft:open_chest":5,"minecraft:crouch_one_cm":685,"minecraft:interact_with_smoker":1,"minecraft:fall_one_cm":42367},"minecraft:picked_up":{"minecraft:charcoal":3,"chococraft:loverly_gysahl_green":3,"minecraft:crafting_table":4,"minecraft:wheat":4,"minecraft:chicken":7,"minecraft:clay_ball":2,"mores:tourmaline_gem":3,"minecraft:item_frame":2,"minecraft:cobbled_deepslate":42,"minecraft:beef":15,"minecraft:spruce_slab":1,"minecraft:sugar_cane":14,"minecraft:egg":4,"minecraft:furnace":3,"minecraft:raw_iron":25,"minecraft:torch":6,"minecraft:porkchop":3,"mores:topaz_gem":8,"mores:raw_tin":30,"minecraft:arrow":9,"minecraft:rotten_flesh":7,"minecraft:mutton":13,"minecraft:white_wool":9,"minecraft:cobblestone":20,"minecraft:birch_log":1,"minecraft:feather":9,"minecraft:leather":5,"minecraft:smoker":1,"minecraft:tuff":6,"minecraft:flint":4,"minecraft:oak_log":16,"minecraft:yellow_bed":4,"minecraft:dirt":35,"minecraft:bone":7,"chococraft:gysahl_green":62,"minecraft:wheat_seeds":21,"minecraft:raw_gold":2,"minecraft:iron_ingot":2,"minecraft:oak_planks":2,"minecraft:book":39,"quark:shale":2,"minecraft:stone_brick_slab":1,"minecraft:gravel":18,"alexscaves:uranium":32,"mores:raw_cobalt":2,"chococraft:gysahl_green_seeds":22,"minecraft:white_bed":1,"minecraft:spruce_log":19,"minecraft:spider_eye":1,"mores:sapphire_gem":2,"minecraft:diamond":4,"minecraft:writable_book":1,"mores:anthracite":6,"minecraft:granite":3,"minecraft:oak_sapling":1,"alexscaves:uranium_shard":10},"minecraft:used":{"alexscaves:spawn_egg_tremorzilla":1,"minecraft:rotten_flesh":2,"minecraft:torch":30,"minecraft:dirt":3,"alexscaves:remote_detonator":13,"minecraft:item_frame":1,"minecraft:furnace":3,"mores:graphene_sword":37,"minecraft:cobbled_deepslate":1,"mores:topaz_battleaxe":14,"minecraft:stone_pickaxe":56,"minecraft:wooden_pickaxe":20,"alexscaves:tremorzilla_egg":5,"alexscaves:uranium_rod":4,"minecraft:crafting_table":5,"mores:graphene_battleaxe":289,"minecraft:bread":6,"minecraft:iron_pickaxe":28,"minecraft:gravel":10,"minecraft:stone_axe":80,"minecraft:cooked_porkchop":2,"minecraft:yellow_bed":3,"chococraft:gysahl_green":39},"minecraft:mined":{"minecraft:tuff":3,"quark:shale":1,"minecraft:deepslate_diamond_ore":4,"minecraft:glow_lichen":1,"minecraft:grass_block":6,"minecraft:spruce_leaves":1,"mores:deepslate_tourmaline_ore":3,"minecraft:furnace":3,"minecraft:iron_ore":8,"chococraft:gysahl_green":21,"minecraft:bookshelf":13,"mores:deepslate_sapphire_ore":2,"minecraft:deepslate_iron_ore":10,"minecraft:stone":16,"minecraft:spruce_slab":1,"mores:cobalt_ore":2,"minecraft:smoker":1,"minecraft:crafting_table":4,"minecraft:torch":5,"mores:anthracite_ore":3,"minecraft:tall_grass":1,"minecraft:deepslate_gold_ore":2,"minecraft:sugar_cane":6,"mores:tin_ore":8,"minecraft:wall_torch":1,"minecraft:wheat":11,"minecraft:spruce_log":22,"minecraft:yellow_bed":4,"minecraft:grass":5,"minecraft:oak_log":11,"minecraft:gravel":11,"minecraft:dirt":5,"mores:deepslate_topaz_ore":8,"minecraft:deepslate":20},"minecraft:dropped":{"minecraft:wheat_seeds":19,"minecraft:oak_log":5,"mores:graphene_battleaxe":3,"mores:graphene_leggings":2,"minecraft:cobblestone":6,"chococraft:gysahl_green_seeds":22,"minecraft:granite":3,"minecraft:item_frame":1,"mores:graphene_chestplate":2,"minecraft:bone":1,"minecraft:gravel":8,"mores:anthracite":6,"alexsmobs:animal_dictionary":1,"minecraft:cobbled_deepslate":41,"mores:graphene_boots":2,"mores:raw_tin":6,"minecraft:tuff":6,"minecraft:wheat":1,"minecraft:rotten_flesh":1,"minecraft:clay_ball":1,"minecraft:oak_planks":29,"minecraft:enchanted_golden_apple":449,"alexscaves:block_of_uranium":2,"quark:shale":2,"minecraft:white_bed":1,"mores:graphene_helmet":2,"minecraft:spider_eye":1,"minecraft:spruce_slab":1,"minecraft:wooden_pickaxe":1,"minecraft:egg":4},"minecraft:killed_by":{"minecraft:skeleton":1},"minecraft:killed":{"minecraft:skeleton":2,"minecraft:chicken":7,"minecraft:pig":2,"minecraft:sheep":9,"minecraft:zombie":6,"alexscaves:tremorzilla":1,"minecraft:cow":6},"minecraft:crafted":{"minecraft:oak_planks":44,"minecraft:furnace":1,"mores:tin_ingot":24,"minecraft:stone_pickaxe":1,"minecraft:cooked_porkchop":2,"mores:tin_chestplate":1,"minecraft:crafting_table":2,"minecraft:spruce_planks":64,"mores:topaz_battleaxe":1,"minecraft:wooden_pickaxe":1,"mores:tin_helmet":1,"minecraft:stone_axe":1,"mores:tin_leggings":1,"minecraft:bread":1,"minecraft:air":0,"mores:tin_boots":1,"minecraft:stick":16,"minecraft:iron_ingot":3,"minecraft:iron_pickaxe":1,"minecraft:white_bed":1,"minecraft:torch":24}},"DataVersion":3465}