{"stats":{"minecraft:mined":{"minecraft:large_fern":1,"minecraft:blue_carpet":2,"minecraft:light_gray_stained_glass_pane":1,"minecraft:red_bed":2,"minecraft:white_carpet":2,"minecraft:brewing_stand":1,"minecraft:crafting_table":3,"minecraft:grass":3,"chococraft:gysahl_green":16,"minecraft:bookshelf":3,"minecraft:grass_block":3,"minecraft:oak_log":5,"minecraft:iron_bars":6,"minecraft:oak_planks":2,"minecraft:oak_leaves":2,"minecraft:fern":1,"minecraft:orange_carpet":2,"minecraft:spawner":7},"minecraft:used":{"minecraft:cooked_mutton":2,"minecraft:apple":4,"minecraft:iron_axe":48,"minecraft:stone_pickaxe":12,"minecraft:oak_planks":2,"minecraft:wooden_pickaxe":2,"minecraft:leather_boots":1,"minecraft:torch":9,"minecraft:stone_axe":29,"minecraft:dirt":3,"minecraft:crafting_table":2,"minecraft:red_bed":1,"minecraft:carrot":11,"tombstone:gift":2,"minecraft:cooked_beef":1},"minecraft:dropped":{"chococraft:loverly_gysahl_green":2,"minecraft:white_carpet":2,"minecraft:leather_leggings":1,"chococraft:gysahl_green_seeds":16,"minecraft:blue_carpet":3},"minecraft:killed":{"minecraft:skeleton":2,"minecraft:zombie":12,"minecraft:stray":1},"minecraft:custom":{"minecraft:time_since_rest":4764,"minecraft:interact_with_furnace":3,"minecraft:sprint_one_cm":96074,"minecraft:damage_taken":634,"minecraft:walk_one_cm":120110,"minecraft:mob_kills":16,"minecraft:drop":8,"minecraft:damage_dealt":3007,"minecraft:interact_with_crafting_table":2,"minecraft:fly_one_cm":125340,"minecraft:open_chest":23,"minecraft:play_time":37033,"tombstone:undead_killed":15,"minecraft:deaths":1,"minecraft:sneak_time":5,"minecraft:walk_under_water_one_cm":819,"minecraft:jump":622,"minecraft:leave_game":1,"minecraft:time_since_death":25220,"minecraft:walk_on_water_one_cm":13033,"minecraft:sleep_in_bed":1,"minecraft:total_world_time":37033,"minecraft:fall_one_cm":13095},"minecraft:crafted":{"minecraft:oak_planks":20,"minecraft:iron_axe":1,"minecraft:wooden_pickaxe":1},"minecraft:picked_up":{"minecraft:book":9,"chococraft:loverly_gysahl_green":2,"minecraft:crafting_table":3,"minecraft:leather_leggings":1,"minecraft:oak_log":5,"chococraft:gysahl_green_seeds":16,"tombstone:grave_dust":4,"minecraft:brewing_stand":1,"minecraft:dirt":3,"minecraft:blue_carpet":3,"minecraft:red_bed":2,"minecraft:white_carpet":2,"minecraft:arrow":1,"minecraft:bone":2,"minecraft:rotten_flesh":19,"chococraft:gysahl_green":43,"minecraft:chainmail_leggings":1,"tombstone:essence_of_undeath":1,"minecraft:oak_planks":1,"minecraft:iron_bars":6}},"DataVersion":3465}