{"stats":{"minecraft:custom":{"minecraft:jump":218,"minecraft:time_since_rest":10911,"minecraft:walk_on_water_one_cm":4948,"minecraft:leave_game":1,"minecraft:play_time":10911,"minecraft:sprint_one_cm":19710,"minecraft:damage_taken":80,"minecraft:time_since_death":10911,"minecraft:walk_one_cm":12325,"minecraft:total_world_time":10911,"minecraft:walk_under_water_one_cm":108,"minecraft:fall_one_cm":7799,"minecraft:fly_one_cm":44399},"minecraft:mined":{"minecraft:large_fern":1,"minecraft:fern":1}},"DataVersion":3465}