{"stats":{"minecraft:custom":{"minecraft:interact_with_furnace":7,"minecraft:mob_kills":25,"minecraft:interact_with_crafting_table":9,"minecraft:leave_game":1,"minecraft:time_since_death":36065,"minecraft:sleep_in_bed":1,"minecraft:climb_one_cm":934,"minecraft:time_since_rest":12499,"minecraft:sprint_one_cm":76586,"minecraft:damage_taken":130,"minecraft:walk_one_cm":67755,"minecraft:drop":9,"minecraft:damage_dealt":1866,"minecraft:swim_one_cm":2814,"minecraft:fly_one_cm":198032,"minecraft:open_chest":4,"minecraft:crouch_one_cm":494,"minecraft:play_time":36065,"minecraft:sneak_time":145,"minecraft:walk_under_water_one_cm":1296,"minecraft:jump":766,"minecraft:walk_on_water_one_cm":4174,"minecraft:interact_with_smoker":1,"minecraft:total_world_time":36065,"minecraft:fall_one_cm":17848},"minecraft:picked_up":{"minecraft:charcoal":3,"chococraft:loverly_gysahl_green":3,"minecraft:crafting_table":2,"minecraft:wheat":4,"minecraft:feather":9,"minecraft:chicken":7,"minecraft:clay_ball":2,"minecraft:leather":5,"minecraft:smoker":1,"minecraft:flint":4,"minecraft:oak_log":11,"minecraft:yellow_bed":3,"minecraft:dirt":3,"minecraft:item_frame":2,"chococraft:gysahl_green":62,"minecraft:wheat_seeds":19,"minecraft:beef":15,"minecraft:sugar_cane":14,"minecraft:egg":4,"minecraft:furnace":1,"minecraft:book":12,"minecraft:gravel":2,"minecraft:porkchop":3,"chococraft:gysahl_green_seeds":21,"minecraft:white_bed":1,"minecraft:spruce_log":11,"minecraft:rotten_flesh":2,"minecraft:writable_book":1,"minecraft:mutton":13,"minecraft:cobblestone":16,"minecraft:white_wool":9},"minecraft:mined":{"minecraft:smoker":1,"minecraft:crafting_table":2,"minecraft:grass_block":6,"minecraft:tall_grass":1,"minecraft:sugar_cane":6,"minecraft:furnace":1,"minecraft:wheat":11,"minecraft:spruce_log":13,"minecraft:yellow_bed":3,"minecraft:grass":3,"minecraft:bookshelf":4,"chococraft:gysahl_green":21,"minecraft:oak_log":11,"minecraft:gravel":6,"minecraft:dirt":5,"minecraft:stone":16},"minecraft:used":{"minecraft:stone_pickaxe":2,"minecraft:wooden_pickaxe":20,"minecraft:rotten_flesh":2,"minecraft:dirt":3,"minecraft:crafting_table":2,"minecraft:bread":1,"minecraft:gravel":2,"minecraft:item_frame":1,"minecraft:stone_axe":53,"minecraft:furnace":1,"minecraft:cooked_porkchop":1,"minecraft:yellow_bed":2,"chococraft:gysahl_green":11},"minecraft:dropped":{"minecraft:wheat_seeds":19,"alexsmobs:animal_dictionary":1,"minecraft:wheat":1,"minecraft:cobblestone":2,"minecraft:clay_ball":1,"minecraft:white_bed":1,"minecraft:item_frame":1,"minecraft:wooden_pickaxe":1,"minecraft:egg":4},"minecraft:killed":{"minecraft:pig":2,"minecraft:sheep":9,"minecraft:zombie":1,"minecraft:chicken":7,"minecraft:cow":6},"minecraft:crafted":{"minecraft:oak_planks":44,"minecraft:cooked_porkchop":2,"minecraft:crafting_table":1,"minecraft:spruce_planks":44,"minecraft:wooden_pickaxe":1,"minecraft:furnace":1,"minecraft:stone_axe":1,"minecraft:bread":1,"minecraft:air":0,"minecraft:stick":8,"minecraft:stone_pickaxe":1,"minecraft:white_bed":1}},"DataVersion":3465}