{"stats":{"minecraft:mined":{"minecraft:blue_carpet":2,"minecraft:light_gray_stained_glass_pane":1,"minecraft:red_bed":2,"minecraft:mossy_cobblestone":1,"minecraft:brewing_stand":1,"minecraft:crafting_table":5,"minecraft:grass_block":3,"minecraft:cobblestone":6,"minecraft:oak_planks":2,"minecraft:orange_carpet":2,"minecraft:spawner":9,"minecraft:large_fern":1,"minecraft:white_carpet":2,"minecraft:grass":3,"minecraft:bookshelf":3,"chococraft:gysahl_green":16,"minecraft:oak_log":7,"minecraft:iron_bars":8,"minecraft:cracked_stone_bricks":3,"minecraft:stone":12,"minecraft:mossy_stone_bricks":1,"minecraft:oak_leaves":2,"minecraft:fern":1},"minecraft:used":{"minecraft:cooked_mutton":2,"minecraft:stone_pickaxe":14,"minecraft:oak_planks":4,"minecraft:shield":1,"minecraft:wooden_pickaxe":2,"minecraft:iron_sword":74,"minecraft:leather_boots":1,"minecraft:torch":9,"minecraft:mossy_cobblestone":1,"minecraft:dirt":3,"minecraft:crafting_table":5,"minecraft:red_bed":1,"minecraft:carrot":11,"minecraft:apple":4,"minecraft:iron_axe":129,"minecraft:iron_pickaxe":25,"minecraft:stone_axe":29,"minecraft:cobblestone":8,"minecraft:bow":2,"tombstone:gift":2,"chococraft:gysahl_green":13,"minecraft:cooked_beef":1},"minecraft:dropped":{"minecraft:golden_boots":1,"chococraft:loverly_gysahl_green":2,"minecraft:mossy_cobblestone":1,"minecraft:white_carpet":2,"chococraft:gysahl_green_seeds":16,"minecraft:cracked_stone_bricks":3,"minecraft:leather_leggings":1,"minecraft:chainmail_leggings":1,"minecraft:blue_carpet":3},"minecraft:killed":{"minecraft:spider":4,"minecraft:skeleton":7,"minecraft:zombie":28,"minecraft:stray":6},"minecraft:custom":{"minecraft:interact_with_furnace":3,"minecraft:mob_kills":48,"minecraft:interact_with_crafting_table":5,"minecraft:leave_game":1,"minecraft:time_since_death":37220,"minecraft:sleep_in_bed":1,"minecraft:time_since_rest":16764,"minecraft:sprint_one_cm":116122,"minecraft:damage_taken":948,"minecraft:walk_one_cm":164300,"minecraft:damage_blocked_by_shield":30,"minecraft:drop":12,"minecraft:damage_dealt":8077,"minecraft:fly_one_cm":146476,"minecraft:open_chest":36,"minecraft:crouch_one_cm":863,"minecraft:play_time":49033,"tombstone:undead_killed":41,"minecraft:deaths":1,"minecraft:sneak_time":488,"minecraft:walk_under_water_one_cm":819,"minecraft:jump":737,"minecraft:walk_on_water_one_cm":13033,"minecraft:total_world_time":49033,"minecraft:fall_one_cm":13364},"minecraft:crafted":{"minecraft:oak_planks":28,"minecraft:wooden_pickaxe":1,"minecraft:iron_sword":1,"minecraft:iron_chestplate":1,"minecraft:shield":1,"minecraft:iron_axe":2},"minecraft:broken":{"minecraft:iron_axe":1},"minecraft:picked_up":{"minecraft:crafting_table":5,"chococraft:loverly_gysahl_green":2,"minecraft:leather_leggings":1,"minecraft:oak_log":7,"minecraft:brewing_stand":1,"minecraft:string":2,"minecraft:red_bed":2,"minecraft:dirt":3,"minecraft:white_carpet":2,"minecraft:bone":7,"chococraft:gysahl_green":43,"minecraft:cracked_stone_bricks":6,"minecraft:bow":1,"minecraft:mossy_stone_bricks":1,"minecraft:oak_planks":1,"minecraft:book":9,"chococraft:gysahl_green_seeds":16,"tombstone:grave_dust":6,"minecraft:golden_chestplate":1,"minecraft:blue_carpet":3,"minecraft:mossy_cobblestone":2,"minecraft:arrow":10,"minecraft:rotten_flesh":21,"minecraft:chainmail_leggings":1,"minecraft:iron_helmet":1,"tombstone:essence_of_undeath":1,"minecraft:iron_bars":8,"minecraft:cobblestone":17}},"DataVersion":3465}