{"stats":{"minecraft:mined":{"minecraft:blue_carpet":2,"minecraft:stone_pressure_plate":3,"minecraft:white_bed":22,"mores:nether_anthracite_ore":3,"minecraft:brewing_stand":1,"minecraft:obsidian":13,"minecraft:spruce_trapdoor":3,"minecraft:granite":6,"minecraft:grass_block":10,"minecraft:stone_brick_wall":18,"minecraft:coal_block":20,"minecraft:hopper":2,"minecraft:spawner":19,"minecraft:magma_block":6,"minecraft:dark_oak_trapdoor":2,"minecraft:fire":2,"minecraft:anvil":2,"chococraft:gysahl_green":43,"minecraft:iron_bars":14,"minecraft:oak_stairs":4,"minecraft:red_bed":2,"minecraft:smoker":2,"minecraft:soul_fire":6,"minecraft:blast_furnace":2,"minecraft:chest":8,"minecraft:white_stained_glass_pane":7,"minecraft:nether_quartz_ore":69,"minecraft:cobblestone":10,"minecraft:oak_planks":8,"minecraft:sugar_cane":6,"minecraft:iron_door":2,"minecraft:wall_torch":1,"minecraft:wheat":92,"minecraft:stone_brick_stairs":1,"minecraft:smooth_stone_slab":6,"minecraft:grass":6,"minecraft:oak_log":64,"minecraft:oak_fence_gate":1,"minecraft:sand":6,"minecraft:dirt":27,"minecraft:netherrack":47,"minecraft:oak_leaves":10,"minecraft:deepslate":5,"minecraft:nether_gold_ore":2,"minecraft:light_gray_stained_glass_pane":1,"minecraft:mossy_cobblestone":6,"minecraft:oak_door":2,"minecraft:nether_bricks":16,"minecraft:stone_button":1,"minecraft:redstone_wire":1,"minecraft:spruce_leaves":5,"minecraft:large_fern":1,"minecraft:hay_block":52,"minecraft:oak_trapdoor":2,"minecraft:furnace":10,"minecraft:dark_oak_fence_gate":2,"minecraft:mossy_stone_brick_stairs":1,"minecraft:bookshelf":100,"minecraft:vine":7,"minecraft:lantern":5,"minecraft:packed_ice":27,"minecraft:stone":77,"minecraft:glass_pane":4,"minecraft:soul_sand":18,"quark:oak_chest":5,"minecraft:stone_brick_slab":32,"minecraft:observer":2,"minecraft:spruce_door":2,"minecraft:oak_fence":26,"minecraft:crafting_table":9,"minecraft:campfire":11,"minecraft:tall_grass":2,"minecraft:orange_carpet":2,"minecraft:white_carpet":2,"minecraft:spruce_log":7,"minecraft:zombie_head":1,"minecraft:gravel":1,"minecraft:cracked_stone_bricks":6,"minecraft:stone_bricks":191,"minecraft:mossy_stone_bricks":5,"minecraft:fern":1},"minecraft:picked_up":{"chococraft:loverly_gysahl_green":2,"minecraft:iron_chestplate":2,"minecraft:wheat":87,"minecraft:anvil":2,"alexscaves:cave_tablet":1,"minecraft:oak_stairs":4,"minecraft:potion":1,"minecraft:enchanted_book":3,"minecraft:nether_brick":22,"minecraft:stone_brick_stairs":4,"minecraft:brewing_stand":1,"minecraft:dark_oak_trapdoor":2,"minecraft:string":18,"minecraft:cooked_salmon":2,"minecraft:smooth_stone_slab":12,"minecraft:iron_leggings":1,"minecraft:armor_stand":2,"minecraft:zombie_head":1,"minecraft:oak_sign":2,"minecraft:gold_nugget":9,"minecraft:cobbled_deepslate":5,"minecraft:spruce_planks":9,"minecraft:coal_block":24,"minecraft:iron_boots":3,"minecraft:furnace":10,"minecraft:tipped_arrow":2,"minecraft:golden_helmet":1,"minecraft:oak_fence":26,"minecraft:torch":5,"tombstone:grave_dust":25,"minecraft:golden_chestplate":1,"minecraft:brown_carpet":1,"minecraft:rotten_flesh":93,"minecraft:obsidian":15,"minecraft:iron_bars":13,"minecraft:cobblestone":86,"minecraft:magma_block":1,"minecraft:iron_door":2,"minecraft:smoker":2,"minecraft:potato":9,"minecraft:lapis_lazuli":9,"minecraft:map":3,"minecraft:dirt":36,"minecraft:lantern":15,"minecraft:bone":40,"minecraft:bow":1,"minecraft:wheat_seeds":246,"minecraft:diamond_helmet":2,"minecraft:mossy_stone_bricks":20,"minecraft:rabbit":2,"minecraft:oak_planks":7,"minecraft:mossy_stone_brick_stairs":1,"minecraft:oak_pressure_plate":4,"minecraft:sand":6,"minecraft:nether_brick_stairs":1,"minecraft:spectral_arrow":11,"minecraft:mossy_cobblestone":16,"minecraft:bundle":1,"minecraft:granite":3,"minecraft:oak_sapling":1,"minecraft:netherrack":47,"minecraft:charcoal":22,"minecraft:crafting_table":9,"minecraft:leather_leggings":3,"minecraft:stone_brick_wall":16,"minecraft:diamond_horse_armor":1,"minecraft:shield":3,"minecraft:red_bed":2,"minecraft:oak_trapdoor":2,"alexsmobs:pigshoes":2,"minecraft:iron_axe":1,"minecraft:white_carpet":3,"minecraft:item_frame":2,"minecraft:iron_shovel":2,"minecraft:blackstone":25,"minecraft:cracked_stone_bricks":7,"tombstone:scroll_of_unstable_intangibility":1,"minecraft:observer":2,"minecraft:iron_nugget":7,"minecraft:sugar_cane":15,"minecraft:chest":8,"minecraft:spruce_trapdoor":3,"minecraft:oak_door":3,"minecraft:copper_ingot":1,"minecraft:stone_button":8,"minecraft:redstone":1,"minecraft:blue_carpet":3,"minecraft:stone_pressure_plate":6,"minecraft:tnt":1,"minecraft:arrow":45,"minecraft:pumpkin_pie":2,"minecraft:nether_bricks":21,"minecraft:hay_block":52,"tombstone:essence_of_undeath":2,"minecraft:mutton":4,"minecraft:oxeye_daisy":1,"minecraft:salmon":4,"minecraft:leather":7,"quark:smithing_template_rune":2,"minecraft:oak_log":63,"minecraft:chainmail_chestplate":2,"minecraft:golden_boots":1,"chococraft:gysahl_green":119,"minecraft:stone_bricks":208,"minecraft:oak_fence_gate":1,"tombstone:tablet_of_guard":1,"minecraft:glass_bottle":2,"minecraft:soul_sand":46,"minecraft:iron_sword":2,"minecraft:book":300,"minecraft:scaffolding":1,"minecraft:stone_brick_slab":33,"minecraft:quartz":73,"minecraft:gravel":10,"chococraft:gysahl_green_seeds":19,"minecraft:blast_furnace":2,"minecraft:spruce_log":6,"minecraft:white_bed":42,"minecraft:dark_oak_fence_gate":2,"minecraft:crying_obsidian":9,"quark:oak_chest":5,"minecraft:spider_eye":9,"minecraft:spruce_door":2,"mores:anthracite":3,"minecraft:chainmail_leggings":2,"minecraft:iron_helmet":2,"minecraft:painting":4,"tombstone:magic_scroll":1,"minecraft:coal":208,"minecraft:hopper":2},"minecraft:used":{"minecraft:chest":7,"minecraft:shield":20,"minecraft:iron_sword":212,"minecraft:rotten_flesh":32,"minecraft:nether_bricks":21,"minecraft:carrot":13,"minecraft:acacia_sapling":2,"minecraft:spruce_boat":1,"minecraft:lantern":15,"minecraft:stone_bricks":139,"minecraft:bow":2,"minecraft:hay_block":3,"minecraft:furnace":5,"minecraft:stone_pickaxe":14,"minecraft:oak_planks":39,"minecraft:wooden_pickaxe":2,"minecraft:diamond_axe":287,"minecraft:sugar_cane":15,"minecraft:golden_apple":2,"minecraft:blast_furnace":1,"minecraft:bread":8,"minecraft:stone_button":1,"minecraft:iron_door":1,"chococraft:gysahl_green":54,"minecraft:smooth_stone_slab":4,"minecraft:experience_bottle":20,"minecraft:oak_fence":10,"minecraft:enchanting_table":1,"minecraft:armor_stand":2,"minecraft:cooked_salmon":2,"minecraft:netherrack":43,"minecraft:oak_door":1,"minecraft:torch":43,"minecraft:dirt":3,"minecraft:anvil":1,"minecraft:granite":2,"minecraft:stone_brick_slab":51,"minecraft:iron_axe":272,"tombstone:gift":4,"minecraft:cooked_beef":4,"minecraft:wheat_seeds":91,"minecraft:cooked_mutton":2,"minecraft:water_bucket":1,"minecraft:leather_boots":1,"minecraft:salmon":4,"minecraft:mossy_cobblestone":2,"minecraft:crafting_table":13,"minecraft:red_bed":2,"minecraft:white_bed":2,"minecraft:painting":4,"minecraft:spruce_log":3,"minecraft:smoker":1,"minecraft:wooden_hoe":19,"minecraft:diamond_pickaxe":411,"minecraft:apple":4,"minecraft:diamond_shovel":58,"minecraft:iron_pickaxe":229,"minecraft:stone_axe":29,"minecraft:cobblestone":21,"minecraft:potion":1,"minecraft:cooked_porkchop":2,"minecraft:bucket":2,"quark:oak_chest":16},"minecraft:killed":{"minecraft:spider":12,"minecraft:skeleton":15,"minecraft:salmon":4,"alexsmobs:seal":1,"minecraft:creeper":1,"minecraft:zombie":51,"alexsmobs:terrapin":1,"minecraft:stray":17,"minecraft:drowned":1,"minecraft:wither_skeleton":5},"minecraft:custom":{"minecraft:interact_with_crafting_table":53,"minecraft:open_barrel":1,"minecraft:leave_game":3,"minecraft:time_since_death":38652,"minecraft:sprint_one_cm":560513,"minecraft:damage_blocked_by_shield":733,"minecraft:drop":114,"minecraft:talked_to_villager":7,"minecraft:play_time":240641,"minecraft:deaths":4,"minecraft:jump":3435,"minecraft:walk_on_water_one_cm":65510,"minecraft:interact_with_furnace":19,"minecraft:sleep_in_bed":2,"minecraft:damage_dealt":18837,"minecraft:crouch_one_cm":3865,"tombstone:undead_killed":89,"minecraft:interact_with_smoker":1,"minecraft:horse_one_cm":61455,"minecraft:interact_with_smithing_table":1,"minecraft:mob_kills":117,"minecraft:climb_one_cm":3562,"minecraft:walk_one_cm":757737,"minecraft:sneak_time":2044,"minecraft:walk_under_water_one_cm":28585,"minecraft:boat_one_cm":305415,"minecraft:interact_with_blast_furnace":1,"minecraft:total_world_time":240641,"minecraft:time_since_rest":36253,"minecraft:damage_taken":11287,"minecraft:damage_absorbed":40,"minecraft:swim_one_cm":70188,"minecraft:fly_one_cm":998904,"minecraft:open_chest":329,"minecraft:fall_one_cm":136614},"minecraft:crafted":{"minecraft:oak_planks":248,"minecraft:stone":19,"minecraft:heavy_weighted_pressure_plate":1,"minecraft:stone_brick_slab":54,"minecraft:diamond_axe":1,"minecraft:crafting_table":5,"minecraft:spruce_planks":12,"minecraft:wooden_pickaxe":1,"minecraft:iron_chestplate":1,"minecraft:wooden_hoe":1,"minecraft:shield":1,"minecraft:stick":20,"quark:oak_chest":11,"minecraft:coal":207,"minecraft:stone_button":19,"minecraft:iron_axe":2,"minecraft:spruce_boat":1,"minecraft:wheat":441,"minecraft:enchanting_table":1,"minecraft:iron_sword":1,"minecraft:bucket":1,"minecraft:bread":200,"minecraft:air":0,"minecraft:torch":48},"minecraft:dropped":{"minecraft:nether_brick_stairs":1,"minecraft:iron_sword":1,"chococraft:loverly_gysahl_green":2,"minecraft:lapis_lazuli":9,"minecraft:oak_pressure_plate":3,"minecraft:glass_bottle":3,"minecraft:crafting_table":1,"minecraft:cracked_stone_bricks":6,"minecraft:flint":1,"minecraft:gold_ingot":27,"minecraft:oak_door":1,"minecraft:gravel":9,"minecraft:blackstone":25,"minecraft:iron_nugget":7,"minecraft:golden_chestplate":1,"minecraft:nether_brick":22,"minecraft:wheat":2,"minecraft:obsidian":2,"minecraft:rotten_flesh":40,"minecraft:stone_brick_wall":2,"minecraft:leather_boots":1,"minecraft:leather_leggings":3,"minecraft:iron_bars":2,"minecraft:crying_obsidian":9,"minecraft:netherrack":4,"minecraft:golden_boots":2,"minecraft:enchanted_book":2,"minecraft:golden_helmet":1,"minecraft:tnt":1,"minecraft:mossy_cobblestone":13,"minecraft:iron_helmet":1,"chococraft:gysahl_green_seeds":19,"minecraft:chainmail_helmet":1,"minecraft:coal_block":1,"minecraft:stick":1,"minecraft:diamond_horse_armor":1,"minecraft:diamond_helmet":2,"tombstone:grave_dust":6,"minecraft:chainmail_leggings":2,"minecraft:iron_shovel":1,"minecraft:blue_carpet":3,"minecraft:redstone":1,"alexsmobs:pigshoes":1,"minecraft:white_carpet":2,"minecraft:iron_boots":1,"minecraft:oak_sign":2,"minecraft:shield":3,"minecraft:spruce_trapdoor":3,"minecraft:spruce_planks":9,"minecraft:iron_chestplate":2,"minecraft:mossy_stone_bricks":1,"minecraft:golden_leggings":1,"minecraft:stone_pressure_plate":6,"minecraft:stone_bricks":24,"minecraft:spider_eye":4,"minecraft:bow":1,"chococraft:gysahl_green":2},"minecraft:killed_by":{"alexsmobs:crocodile":1},"minecraft:broken":{"minecraft:iron_boots":1,"minecraft:iron_leggings":1,"minecraft:iron_axe":2}},"DataVersion":3465}