{"stats":{"minecraft:mined":{"minecraft:large_fern":1,"minecraft:blue_carpet":2,"minecraft:light_gray_stained_glass_pane":1,"minecraft:red_bed":1,"minecraft:white_carpet":2,"minecraft:crafting_table":2,"minecraft:oak_log":5,"chococraft:gysahl_green":1,"minecraft:grass_block":3,"minecraft:iron_bars":2,"minecraft:oak_leaves":2,"minecraft:fern":1,"minecraft:orange_carpet":2},"minecraft:used":{"minecraft:apple":1,"minecraft:wooden_pickaxe":2,"minecraft:leather_boots":1,"minecraft:stone_axe":10,"minecraft:torch":6,"minecraft:dirt":3,"minecraft:crafting_table":1,"minecraft:carrot":1},"minecraft:dropped":{"minecraft:white_carpet":2,"chococraft:gysahl_green_seeds":1,"minecraft:blue_carpet":3},"minecraft:killed":{"minecraft:skeleton":1},"minecraft:custom":{"minecraft:time_since_rest":9254,"minecraft:interact_with_furnace":3,"minecraft:sprint_one_cm":36126,"minecraft:damage_taken":158,"minecraft:walk_one_cm":55808,"minecraft:mob_kills":1,"minecraft:drop":5,"minecraft:damage_dealt":200,"minecraft:interact_with_crafting_table":1,"minecraft:fly_one_cm":74014,"minecraft:open_chest":6,"minecraft:play_time":22554,"tombstone:undead_killed":1,"minecraft:deaths":1,"minecraft:sneak_time":3,"minecraft:walk_under_water_one_cm":819,"minecraft:jump":384,"minecraft:leave_game":1,"minecraft:walk_on_water_one_cm":13033,"minecraft:time_since_death":10741,"minecraft:total_world_time":22554,"minecraft:fall_one_cm":9951},"minecraft:crafted":{"minecraft:oak_planks":20,"minecraft:wooden_pickaxe":1},"minecraft:picked_up":{"minecraft:crafting_table":2,"minecraft:oak_log":5,"chococraft:gysahl_green_seeds":1,"minecraft:red_bed":1,"minecraft:blue_carpet":3,"minecraft:dirt":3,"minecraft:white_carpet":2,"minecraft:bone":1,"chococraft:gysahl_green":2,"minecraft:iron_bars":2}},"DataVersion":3465}