{"stats":{"minecraft:mined":{"minecraft:wheat":11,"minecraft:spruce_log":7,"minecraft:yellow_bed":1},"minecraft:crafted":{"minecraft:crafting_table":1,"minecraft:spruce_planks":20},"minecraft:dropped":{"alexsmobs:animal_dictionary":1},"minecraft:custom":{"minecraft:jump":108,"minecraft:time_since_rest":5201,"minecraft:sneak_time":2,"minecraft:interact_with_furnace":2,"minecraft:sprint_one_cm":12959,"minecraft:play_time":5201,"minecraft:time_since_death":5201,"minecraft:walk_one_cm":6081,"minecraft:climb_one_cm":934,"minecraft:total_world_time":5201,"minecraft:drop":1,"minecraft:fall_one_cm":2926,"minecraft:fly_one_cm":33215},"minecraft:picked_up":{"minecraft:wheat":4,"minecraft:spruce_log":5,"minecraft:yellow_bed":1,"minecraft:wheat_seeds":18}},"DataVersion":3465}