{"stats":{"minecraft:mined":{"chococraft:gysahl_green":8,"minecraft:lime_bed":1,"minecraft:packed_ice":1,"minecraft:spruce_leaves":1,"minecraft:spruce_log":14,"minecraft:oak_leaves":4},"minecraft:used":{"minecraft:lime_bed":1,"chococraft:gysahl_green":13,"minecraft:cooked_rabbit":3,"minecraft:spruce_planks":1,"minecraft:leather_helmet":1,"minecraft:spruce_log":1},"minecraft:dropped":{"alexsmobs:animal_dictionary":1},"minecraft:custom":{"minecraft:time_since_rest":1574,"minecraft:open_chest":4,"minecraft:crouch_one_cm":68,"minecraft:interact_with_furnace":10,"minecraft:play_time":33578,"minecraft:sprint_one_cm":77490,"minecraft:damage_taken":149,"minecraft:walk_one_cm":60847,"minecraft:sneak_time":62,"minecraft:walk_under_water_one_cm":6739,"minecraft:drop":1,"minecraft:jump":372,"minecraft:eat_cake_slice":3,"minecraft:time_since_death":33578,"minecraft:walk_on_water_one_cm":16271,"minecraft:sleep_in_bed":1,"minecraft:total_world_time":33578,"minecraft:swim_one_cm":126254,"minecraft:fall_one_cm":8176,"minecraft:fly_one_cm":95759},"minecraft:crafted":{"minecraft:crafting_table":1,"minecraft:spruce_planks":52},"minecraft:picked_up":{"chococraft:loverly_gysahl_green":6,"minecraft:lime_bed":1,"chococraft:gysahl_green":19,"chococraft:gysahl_green_seeds":7,"minecraft:spruce_log":14}},"DataVersion":3465}