{"stats":{"minecraft:mined":{"minecraft:lime_bed":1,"minecraft:spruce_leaves":1,"minecraft:spruce_log":14,"minecraft:oak_leaves":4},"minecraft:used":{"minecraft:cooked_rabbit":3,"minecraft:leather_helmet":1,"minecraft:spruce_log":1},"minecraft:dropped":{"alexsmobs:animal_dictionary":1},"minecraft:custom":{"minecraft:time_since_rest":21578,"minecraft:open_chest":4,"minecraft:crouch_one_cm":54,"minecraft:interact_with_furnace":10,"minecraft:play_time":21578,"minecraft:sprint_one_cm":54069,"minecraft:damage_taken":111,"minecraft:walk_one_cm":47500,"minecraft:sneak_time":50,"minecraft:walk_under_water_one_cm":4616,"minecraft:drop":1,"minecraft:jump":263,"minecraft:eat_cake_slice":3,"minecraft:time_since_death":21578,"minecraft:walk_on_water_one_cm":10165,"minecraft:total_world_time":21578,"minecraft:swim_one_cm":110315,"minecraft:fall_one_cm":6200,"minecraft:fly_one_cm":70594},"minecraft:crafted":{"minecraft:crafting_table":1,"minecraft:spruce_planks":52},"minecraft:picked_up":{"minecraft:lime_bed":1,"minecraft:spruce_log":14}},"DataVersion":3465}