{"stats":{"minecraft:mined":{"minecraft:lime_bed":2,"minecraft:spruce_log":14,"minecraft:crafting_table":1,"minecraft:grass":1,"chococraft:gysahl_green":51,"quark:blossom_log":19,"minecraft:dirt":1,"minecraft:packed_ice":1,"minecraft:spruce_leaves":1,"minecraft:stone":19,"minecraft:oak_leaves":4},"minecraft:used":{"minecraft:leather_helmet":1,"minecraft:spruce_planks":1,"minecraft:wooden_pickaxe":39,"minecraft:stone_axe":20,"minecraft:bow":4,"minecraft:lime_bed":1,"minecraft:crafting_table":1,"minecraft:cooked_rabbit":3,"chococraft:gysahl_green":24,"minecraft:spruce_log":1},"minecraft:dropped":{"alexsmobs:animal_dictionary":1,"minecraft:wooden_pickaxe":1},"minecraft:killed":{"minecraft:zombie":1,"minecraft:stray":1},"minecraft:custom":{"minecraft:time_since_rest":9156,"minecraft:interact_with_furnace":10,"minecraft:sprint_one_cm":114255,"minecraft:damage_taken":345,"minecraft:walk_one_cm":93190,"minecraft:mob_kills":2,"minecraft:drop":2,"minecraft:damage_dealt":200,"minecraft:interact_with_crafting_table":7,"minecraft:swim_one_cm":126254,"minecraft:fly_one_cm":118184,"minecraft:open_chest":4,"minecraft:crouch_one_cm":186,"minecraft:play_time":45578,"tombstone:undead_killed":2,"minecraft:sneak_time":115,"minecraft:walk_under_water_one_cm":6739,"minecraft:jump":543,"minecraft:eat_cake_slice":3,"minecraft:walk_on_water_one_cm":16271,"minecraft:time_since_death":45578,"minecraft:sleep_in_bed":2,"minecraft:total_world_time":45578,"minecraft:fall_one_cm":12503},"minecraft:crafted":{"minecraft:crafting_table":1,"minecraft:spruce_planks":52,"minecraft:stick":8,"minecraft:wooden_pickaxe":1,"minecraft:stone_pickaxe":1,"minecraft:stone_axe":1},"minecraft:picked_up":{"minecraft:tipped_arrow":1,"minecraft:crafting_table":1,"minecraft:lime_bed":2,"chococraft:loverly_gysahl_green":11,"quark:blossom_log":19,"chococraft:gysahl_green_seeds":48,"minecraft:spruce_log":14,"minecraft:dirt":1,"chococraft:chocobo_feather":1,"minecraft:arrow":2,"minecraft:bone":1,"minecraft:rotten_flesh":2,"chococraft:gysahl_green":131,"chococraft:gold_gysahl":1,"minecraft:bow":1,"minecraft:cobblestone":18}},"DataVersion":3465}