{"stats":{"minecraft:mined":{"minecraft:lime_bed":1,"minecraft:spruce_leaves":1,"minecraft:spruce_log":14},"minecraft:used":{"minecraft:leather_helmet":1,"minecraft:spruce_log":1},"minecraft:dropped":{"alexsmobs:animal_dictionary":1},"minecraft:custom":{"minecraft:time_since_rest":9578,"minecraft:open_chest":4,"minecraft:crouch_one_cm":52,"minecraft:interact_with_furnace":10,"minecraft:play_time":9578,"minecraft:sprint_one_cm":24080,"minecraft:damage_taken":25,"minecraft:walk_one_cm":36731,"minecraft:sneak_time":8,"minecraft:walk_under_water_one_cm":481,"minecraft:drop":1,"minecraft:jump":96,"minecraft:eat_cake_slice":3,"minecraft:time_since_death":9578,"minecraft:walk_on_water_one_cm":137,"minecraft:total_world_time":9578,"minecraft:swim_one_cm":3134,"minecraft:fall_one_cm":3313,"minecraft:fly_one_cm":15421},"minecraft:crafted":{"minecraft:crafting_table":1,"minecraft:spruce_planks":52},"minecraft:picked_up":{"minecraft:lime_bed":1,"minecraft:spruce_log":14}},"DataVersion":3465}