{"stats":{"minecraft:mined":{"minecraft:lime_bed":2,"minecraft:spruce_log":34,"minecraft:potted_red_mushroom":1,"minecraft:crafting_table":1,"minecraft:grass":1,"chococraft:gysahl_green":51,"quark:blossom_log":19,"minecraft:dirt":1,"minecraft:packed_ice":1,"minecraft:spruce_leaves":3,"minecraft:stone":19,"minecraft:oak_leaves":4,"minecraft:cauldron":1},"minecraft:used":{"minecraft:stone_pickaxe":2,"minecraft:leather_helmet":1,"minecraft:spruce_planks":7,"minecraft:wooden_pickaxe":39,"minecraft:stone_axe":74,"minecraft:bow":4,"minecraft:lime_bed":2,"minecraft:crafting_table":1,"minecraft:furnace":1,"minecraft:cooked_rabbit":3,"chococraft:gysahl_green":38,"minecraft:spruce_log":1},"minecraft:dropped":{"alexsmobs:animal_dictionary":1,"minecraft:leather_leggings":1,"minecraft:wooden_pickaxe":1},"minecraft:killed":{"minecraft:skeleton":1,"minecraft:zombie":3,"minecraft:pig":3,"minecraft:witch":1,"minecraft:stray":1,"minecraft:spider":1,"minecraft:cow":1},"minecraft:custom":{"minecraft:time_since_rest":21156,"minecraft:interact_with_furnace":12,"minecraft:sprint_one_cm":177301,"minecraft:damage_taken":628,"minecraft:walk_one_cm":129904,"minecraft:mob_kills":11,"minecraft:drop":3,"tombstone:raider_killed":1,"minecraft:damage_dealt":1751,"minecraft:interact_with_crafting_table":11,"minecraft:swim_one_cm":130107,"minecraft:fly_one_cm":167742,"minecraft:open_chest":5,"minecraft:crouch_one_cm":188,"minecraft:play_time":57578,"tombstone:undead_killed":5,"minecraft:sneak_time":127,"minecraft:walk_under_water_one_cm":7442,"minecraft:jump":767,"minecraft:eat_cake_slice":3,"minecraft:walk_on_water_one_cm":18381,"minecraft:time_since_death":57578,"minecraft:sleep_in_bed":2,"minecraft:climb_one_cm":206,"minecraft:total_world_time":57578,"minecraft:fall_one_cm":20498},"minecraft:crafted":{"minecraft:crafting_table":1,"minecraft:spruce_planks":52,"minecraft:stick":8,"minecraft:wooden_pickaxe":1,"minecraft:stone_pickaxe":1,"minecraft:furnace":1,"minecraft:stone_axe":1},"minecraft:picked_up":{"minecraft:tipped_arrow":1,"minecraft:crafting_table":1,"minecraft:lime_bed":2,"chococraft:loverly_gysahl_green":11,"minecraft:flower_pot":1,"minecraft:leather":2,"minecraft:red_mushroom":1,"minecraft:porkchop":6,"quark:blossom_log":19,"chococraft:gysahl_green_seeds":48,"minecraft:spruce_log":34,"minecraft:cauldron":1,"minecraft:string":1,"minecraft:dirt":1,"chococraft:chocobo_feather":1,"minecraft:arrow":4,"minecraft:bone":3,"minecraft:rotten_flesh":3,"chococraft:gysahl_green":131,"chococraft:gold_gysahl":1,"minecraft:bow":1,"minecraft:beef":3,"minecraft:cobblestone":18}},"DataVersion":3465}