{"stats":{"minecraft:mined":{"minecraft:spruce_planks":4,"mores:cobalt_ore":4,"minecraft:oak_fence":1,"minecraft:crafting_table":1,"minecraft:granite":2,"quark:blossom_log":19,"minecraft:spruce_leaves":3,"minecraft:diorite":1,"mores:tin_ore":3,"minecraft:cauldron":1,"minecraft:lime_bed":2,"minecraft:iron_ore":10,"minecraft:spruce_log":34,"minecraft:potted_red_mushroom":1,"minecraft:grass":1,"chococraft:gysahl_green":51,"minecraft:coal_ore":52,"minecraft:iron_bars":2,"mores:silver_ore":3,"minecraft:dirt":1,"minecraft:packed_ice":1,"minecraft:stone":26,"minecraft:oak_leaves":4},"minecraft:used":{"minecraft:diorite":1,"minecraft:iron_bars":2,"minecraft:stone_sword":14,"minecraft:stone_pickaxe":86,"minecraft:spruce_planks":10,"minecraft:wooden_pickaxe":39,"minecraft:torch":9,"minecraft:crafting_table":1,"minecraft:lime_bed":2,"minecraft:granite":2,"minecraft:spruce_log":1,"quark:spruce_chest":2,"quark:blossom_door":1,"minecraft:leather_helmet":1,"minecraft:stone_axe":79,"minecraft:bow":4,"minecraft:cooked_porkchop":4,"minecraft:furnace":1,"minecraft:cooked_rabbit":3,"chococraft:gysahl_green":38},"minecraft:dropped":{"alexsmobs:animal_dictionary":1,"quark:blossom_planks":4,"minecraft:oak_fence":1,"minecraft:red_mushroom":2,"minecraft:stick":2,"minecraft:dirt":1,"minecraft:flower_pot":1,"minecraft:leather_leggings":1,"minecraft:wooden_pickaxe":1},"minecraft:killed":{"minecraft:pig":3,"minecraft:witch":1,"minecraft:spider":1,"minecraft:skeleton":1,"minecraft:zombie":6,"minecraft:stray":1,"minecraft:cow":1},"minecraft:custom":{"minecraft:interact_with_furnace":14,"minecraft:mob_kills":14,"tombstone:raider_killed":1,"minecraft:interact_with_crafting_table":15,"minecraft:eat_cake_slice":3,"minecraft:time_since_death":74567,"minecraft:sleep_in_bed":2,"minecraft:climb_one_cm":602,"minecraft:time_since_rest":38145,"minecraft:sprint_one_cm":199309,"minecraft:damage_taken":671,"minecraft:walk_one_cm":169921,"minecraft:drop":12,"minecraft:damage_dealt":2302,"minecraft:swim_one_cm":130107,"minecraft:fly_one_cm":181942,"minecraft:open_chest":8,"minecraft:crouch_one_cm":358,"minecraft:play_time":74567,"tombstone:undead_killed":8,"minecraft:sneak_time":388,"minecraft:walk_under_water_one_cm":7678,"minecraft:jump":912,"minecraft:walk_on_water_one_cm":19353,"minecraft:total_world_time":74567,"minecraft:fall_one_cm":23937},"minecraft:crafted":{"quark:blossom_planks":8,"minecraft:cooked_porkchop":6,"minecraft:crafting_table":1,"minecraft:spruce_planks":52,"minecraft:wooden_pickaxe":1,"minecraft:furnace":1,"minecraft:stone_axe":1,"minecraft:air":0,"minecraft:stick":8,"minecraft:stone_pickaxe":1,"minecraft:stone_sword":1,"quark:blossom_door":3,"quark:spruce_chest":2},"minecraft:picked_up":{"chococraft:loverly_gysahl_green":11,"minecraft:lime_bed":2,"minecraft:crafting_table":1,"minecraft:flower_pot":1,"minecraft:leather":2,"minecraft:red_mushroom":2,"minecraft:dirt":1,"minecraft:string":1,"chococraft:chocobo_feather":1,"minecraft:bone":3,"chococraft:gysahl_green":131,"chococraft:gold_gysahl":1,"minecraft:bow":1,"minecraft:spruce_planks":4,"minecraft:beef":3,"minecraft:tipped_arrow":1,"minecraft:raw_iron":10,"minecraft:stick":1,"minecraft:oak_fence":1,"minecraft:torch":1,"quark:blossom_log":19,"minecraft:porkchop":6,"chococraft:gysahl_green_seeds":48,"mores:raw_cobalt":4,"tombstone:grave_dust":2,"minecraft:diorite":1,"minecraft:spruce_log":34,"quark:blossom_planks":4,"minecraft:cauldron":1,"mores:raw_tin":7,"minecraft:arrow":4,"minecraft:rotten_flesh":3,"minecraft:granite":2,"mores:raw_silver":3,"minecraft:coal":52,"minecraft:iron_bars":2,"minecraft:cobblestone":26}},"DataVersion":3465}