{
  "takesapillage:root": {
    "criteria": {
      "always": "2024-07-27 13:12:08 +0000"
    },
    "done": true
  },
  "incendium:technical/new_player": {
    "criteria": {
      "requirement": "2024-07-27 13:12:08 +0000"
    },
    "done": true
  },
  "incendium:technical/using/trailblazer": {
    "criteria": {
      "log_spam_fixer": "2024-07-27 13:12:09 +0000"
    },
    "done": false
  },
  "incendium:technical/scroll_of_returning": {
    "criteria": {
      "log_spam_fixer": "2024-07-27 13:12:09 +0000"
    },
    "done": false
  },
  "minecraft:adventure/adventuring_time": {
    "criteria": {
      "minecraft:frozen_river": "2024-07-27 13:18:45 +0000",
      "minecraft:cherry_grove": "2024-07-27 14:57:17 +0000",
      "minecraft:river": "2024-07-27 14:51:51 +0000",
      "minecraft:snowy_plains": "2024-07-27 13:12:09 +0000",
      "minecraft:dripstone_caves": "2024-07-27 13:23:06 +0000",
      "minecraft:snowy_taiga": "2024-07-27 13:18:58 +0000",
      "minecraft:forest": "2024-07-27 14:55:17 +0000",
      "minecraft:ice_spikes": "2024-07-27 13:51:30 +0000",
      "minecraft:plains": "2024-07-27 14:51:24 +0000"
    },
    "done": false
  },
  "incendium:technical/using/ragnarok": {
    "criteria": {
      "log_spam_fixer": "2024-07-27 13:12:09 +0000"
    },
    "done": false
  },
  "incendium:technical/using/shield": {
    "criteria": {
      "log_spam_fixer": "2024-07-27 13:12:09 +0000"
    },
    "done": false
  },
  "mores:root": {
    "criteria": {
      "crafting_table": "2024-07-27 13:12:47 +0000"
    },
    "done": true
  },
  "minecraft:story/root": {
    "criteria": {
      "crafting_table": "2024-07-27 13:12:47 +0000"
    },
    "done": true
  },
  "mores:craft_wood_dagger": {
    "criteria": {
      "obtain_graphene": "2024-07-27 13:13:04 +0000"
    },
    "done": true
  },
  "mores:craft_all_daggers": {
    "criteria": {
      "obtain_wood_dagger": "2024-07-27 13:13:04 +0000"
    },
    "done": false
  },
  "minecraft:adventure/root": {
    "criteria": {
      "killed_something": "2024-07-27 13:18:37 +0000"
    },
    "done": true
  },
  "quark:crawl_in_hollow_log": {
    "criteria": {
      "crawl_in_hollow_log": "2024-07-27 13:19:20 +0000"
    },
    "done": true
  },
  "minecraft:story/obtain_armor": {
    "criteria": {
      "iron_chestplate": "2024-07-27 13:19:47 +0000"
    },
    "done": true
  },
  "minecraft:husbandry/root": {
    "criteria": {
      "consumed_item": "2024-07-27 13:20:19 +0000"
    },
    "done": true
  },
  "minecraft:story/mine_stone": {
    "criteria": {
      "get_stone": "2024-07-27 13:23:53 +0000"
    },
    "done": true
  },
  "minecraft:story/upgrade_tools": {
    "criteria": {
      "stone_pickaxe": "2024-07-27 13:24:26 +0000"
    },
    "done": true
  },
  "minecraft:adventure/sleep_in_bed": {
    "criteria": {
      "slept_in_bed": "2024-07-27 13:24:43 +0000"
    },
    "done": true
  },
  "mores:craft_all_battleaxes": {
    "criteria": {
      "obtain_topaz_battleaxe": "2024-07-27 13:27:27 +0000",
      "obtain_graphene_battleaxe": "2024-07-27 15:01:59 +0000"
    },
    "done": false
  },
  "alexscaves:alexscaves/root": {
    "criteria": {
      "underground_cabin": "2024-07-27 13:28:54 +0000"
    },
    "done": true
  },
  "minecraft:adventure/kill_all_mobs": {
    "criteria": {
      "minecraft:skeleton": "2024-07-27 13:45:00 +0000",
      "minecraft:spider": "2024-07-27 13:31:40 +0000",
      "minecraft:wither_skeleton": "2024-07-27 13:45:07 +0000",
      "minecraft:cave_spider": "2024-07-27 13:30:25 +0000",
      "minecraft:stray": "2024-07-27 13:38:57 +0000",
      "minecraft:zombie": "2024-07-27 13:30:30 +0000"
    },
    "done": false
  },
  "minecraft:adventure/kill_a_mob": {
    "criteria": {
      "minecraft:cave_spider": "2024-07-27 13:30:25 +0000"
    },
    "done": true
  },
  "mores:craft_all_horse_armors": {
    "criteria": {
      "craft_iron_horse_armor": "2024-07-27 13:30:45 +0000"
    },
    "done": false
  },
  "mores:craft_horse_armor": {
    "criteria": {
      "craft_horse_armor": "2024-07-27 13:30:45 +0000"
    },
    "done": true
  },
  "minecraft:husbandry/balanced_diet": {
    "criteria": {
      "beef": "2024-07-27 13:31:51 +0000",
      "mutton": "2024-07-27 15:01:51 +0000",
      "enchanted_golden_apple": "2024-07-27 15:02:32 +0000"
    },
    "done": false
  },
  "mores:eat_chocolate": {
    "criteria": {
      "eat_chocolate": "2024-07-27 13:32:42 +0000"
    },
    "done": true
  },
  "mores:acquire_hardware": {
    "criteria": {
      "iron": "2024-07-27 13:38:10 +0000"
    },
    "done": true
  },
  "minecraft:story/smelt_iron": {
    "criteria": {
      "iron": "2024-07-27 13:38:10 +0000"
    },
    "done": true
  },
  "minecraft:story/shiny_gear": {
    "criteria": {
      "diamond_boots": "2024-07-27 13:40:43 +0000"
    },
    "done": true
  },
  "minecraft:story/iron_tools": {
    "criteria": {
      "iron_pickaxe": "2024-07-27 13:46:31 +0000"
    },
    "done": true
  },
  "mores:obtain_tourmaline": {
    "criteria": {
      "obtain_tourmaline_gem": "2024-07-27 13:47:41 +0000"
    },
    "done": true
  },
  "mores:obtain_all": {
    "criteria": {
      "obtain_tourmaline": "2024-07-27 13:47:41 +0000"
    },
    "done": false
  },
  "alexscaves:alexscaves/cave_tablet": {
    "criteria": {
      "cave_tablet": "2024-07-27 13:48:38 +0000"
    },
    "done": true
  },
  "alexscaves:alexscaves/cave_book": {
    "criteria": {
      "cave_book": "2024-07-27 13:48:42 +0000"
    },
    "done": true
  },
  "alexscaves:alexscaves/nuclear_bomb": {
    "criteria": {
      "nuclear_bomb": "2024-07-27 15:04:53 +0000"
    },
    "done": true
  },
  "mores:craft_graphene_battleaxe": {
    "criteria": {
      "obtain_graphene": "2024-07-27 15:01:59 +0000"
    },
    "done": true
  },
  "mores:craft_full_graphene_armor": {
    "criteria": {
      "craft_full_graphene_armor": "2024-07-27 15:02:19 +0000"
    },
    "done": true
  },
  "alexsmobs:alexsmobs/grizzly_bear": {
    "criteria": {
      "killed_by": "2024-07-27 15:00:32 +0000"
    },
    "done": true
  },
  "minecraft:story/form_obsidian": {
    "criteria": {
      "obsidian": "2024-07-27 14:56:17 +0000"
    },
    "done": true
  },
  "alexscaves:alexscaves/raygun": {
    "criteria": {
      "raygun": "2024-07-27 15:04:13 +0000"
    },
    "done": true
  },
  "DataVersion": 3465
}