{
  "takesapillage:root": {
    "criteria": {
      "always": "2024-07-27 13:12:08 +0000"
    },
    "done": true
  },
  "incendium:technical/new_player": {
    "criteria": {
      "requirement": "2024-07-27 13:12:08 +0000"
    },
    "done": true
  },
  "incendium:technical/using/trailblazer": {
    "criteria": {
      "log_spam_fixer": "2024-07-27 13:12:09 +0000"
    },
    "done": false
  },
  "incendium:technical/scroll_of_returning": {
    "criteria": {
      "log_spam_fixer": "2024-07-27 13:12:09 +0000"
    },
    "done": false
  },
  "minecraft:adventure/adventuring_time": {
    "criteria": {
      "minecraft:frozen_river": "2024-07-27 13:18:45 +0000",
      "minecraft:snowy_plains": "2024-07-27 13:12:09 +0000",
      "minecraft:snowy_taiga": "2024-07-27 13:18:58 +0000"
    },
    "done": false
  },
  "incendium:technical/using/ragnarok": {
    "criteria": {
      "log_spam_fixer": "2024-07-27 13:12:09 +0000"
    },
    "done": false
  },
  "incendium:technical/using/shield": {
    "criteria": {
      "log_spam_fixer": "2024-07-27 13:12:09 +0000"
    },
    "done": false
  },
  "mores:root": {
    "criteria": {
      "crafting_table": "2024-07-27 13:12:47 +0000"
    },
    "done": true
  },
  "minecraft:story/root": {
    "criteria": {
      "crafting_table": "2024-07-27 13:12:47 +0000"
    },
    "done": true
  },
  "mores:craft_wood_dagger": {
    "criteria": {
      "obtain_graphene": "2024-07-27 13:13:04 +0000"
    },
    "done": true
  },
  "mores:craft_all_daggers": {
    "criteria": {
      "obtain_wood_dagger": "2024-07-27 13:13:04 +0000"
    },
    "done": false
  },
  "minecraft:story/obtain_armor": {
    "criteria": {
      "iron_chestplate": "2024-07-27 13:19:47 +0000"
    },
    "done": true
  },
  "minecraft:adventure/root": {
    "criteria": {
      "killed_something": "2024-07-27 13:18:37 +0000"
    },
    "done": true
  },
  "minecraft:husbandry/root": {
    "criteria": {
      "consumed_item": "2024-07-27 13:20:19 +0000"
    },
    "done": true
  },
  "quark:crawl_in_hollow_log": {
    "criteria": {
      "crawl_in_hollow_log": "2024-07-27 13:19:20 +0000"
    },
    "done": true
  },
  "DataVersion": 3465
}