{
  "takesapillage:root": {
    "criteria": {
      "always": "2024-07-27 13:05:43 +0000"
    },
    "done": true
  },
  "incendium:technical/new_player": {
    "criteria": {
      "requirement": "2024-07-27 13:05:43 +0000"
    },
    "done": true
  },
  "incendium:technical/using/trailblazer": {
    "criteria": {
      "log_spam_fixer": "2024-07-27 13:05:44 +0000"
    },
    "done": false
  },
  "incendium:technical/scroll_of_returning": {
    "criteria": {
      "log_spam_fixer": "2024-07-27 13:05:44 +0000"
    },
    "done": false
  },
  "minecraft:adventure/adventuring_time": {
    "criteria": {
      "minecraft:snowy_slopes": "2024-07-27 14:51:05 +0000",
      "minecraft:taiga": "2024-07-27 15:30:12 +0000",
      "minecraft:frozen_river": "2024-07-27 15:19:30 +0000",
      "minecraft:cherry_grove": "2024-07-27 14:37:17 +0000",
      "minecraft:sunflower_plains": "2024-07-27 14:37:40 +0000",
      "minecraft:birch_forest": "2024-07-27 14:45:03 +0000",
      "minecraft:dark_forest": "2024-07-27 14:46:43 +0000",
      "minecraft:river": "2024-07-27 13:07:25 +0000",
      "minecraft:snowy_plains": "2024-07-27 13:05:44 +0000",
      "minecraft:stony_shore": "2024-07-27 14:47:16 +0000",
      "minecraft:dripstone_caves": "2024-07-27 13:23:30 +0000",
      "minecraft:snowy_taiga": "2024-07-27 15:20:16 +0000",
      "minecraft:forest": "2024-07-27 14:39:13 +0000",
      "minecraft:lush_caves": "2024-07-27 15:30:19 +0000",
      "minecraft:windswept_forest": "2024-07-27 15:31:39 +0000",
      "minecraft:meadow": "2024-07-27 14:45:58 +0000",
      "minecraft:plains": "2024-07-27 13:07:22 +0000"
    },
    "done": false
  },
  "incendium:technical/using/ragnarok": {
    "criteria": {
      "log_spam_fixer": "2024-07-27 13:05:44 +0000"
    },
    "done": false
  },
  "incendium:technical/using/shield": {
    "criteria": {
      "log_spam_fixer": "2024-07-27 13:05:44 +0000"
    },
    "done": false
  },
  "mores:root": {
    "criteria": {
      "crafting_table": "2024-07-27 13:06:47 +0000"
    },
    "done": true
  },
  "minecraft:story/root": {
    "criteria": {
      "crafting_table": "2024-07-27 13:06:47 +0000"
    },
    "done": true
  },
  "minecraft:adventure/sleep_in_bed": {
    "criteria": {
      "slept_in_bed": "2024-07-27 13:07:35 +0000"
    },
    "done": true
  },
  "minecraft:husbandry/root": {
    "criteria": {
      "consumed_item": "2024-07-27 13:10:29 +0000"
    },
    "done": true
  },
  "mores:obtain_topaz": {
    "criteria": {
      "obtain_topaz_gem": "2024-07-27 13:25:08 +0000"
    },
    "done": true
  },
  "alexscaves:alexscaves/ride_nuclear_bomb": {
    "criteria": {
      "ride_a_boat_with_a_goat": "2024-07-27 15:05:29 +0000"
    },
    "done": true
  },
  "alexscaves:alexscaves/uranium_rod": {
    "criteria": {
      "limestone": "2024-07-27 15:38:56 +0000"
    },
    "done": true
  },
  "mores:eat_silver_apple": {
    "criteria": {
      "requirement": "2024-07-27 14:48:08 +0000"
    },
    "done": true
  },
  "minecraft:story/obtain_armor": {
    "criteria": {
      "iron_chestplate": "2024-07-27 13:19:26 +0000"
    },
    "done": true
  },
  "minecraft:story/lava_bucket": {
    "criteria": {
      "lava_bucket": "2024-07-27 13:19:22 +0000"
    },
    "done": true
  },
  "alexscaves:alexscaves/root": {
    "criteria": {
      "underground_cabin": "2024-07-27 13:28:07 +0000"
    },
    "done": true
  },
  "minecraft:adventure/root": {
    "criteria": {
      "killed_something": "2024-07-27 13:24:06 +0000"
    },
    "done": true
  },
  "minecraft:adventure/kill_all_mobs": {
    "criteria": {
      "minecraft:skeleton": "2024-07-27 13:33:17 +0000",
      "minecraft:vindicator": "2024-07-27 14:47:41 +0000",
      "minecraft:spider": "2024-07-27 13:27:21 +0000",
      "minecraft:creeper": "2024-07-27 13:26:10 +0000",
      "minecraft:witch": "2024-07-27 14:49:46 +0000",
      "minecraft:wither_skeleton": "2024-07-27 13:41:55 +0000",
      "minecraft:cave_spider": "2024-07-27 13:30:28 +0000",
      "minecraft:stray": "2024-07-27 13:40:26 +0000",
      "minecraft:zombie": "2024-07-27 13:24:06 +0000"
    },
    "done": false
  },
  "alexscaves:alexscaves/nuclear_bomb": {
    "criteria": {
      "nuclear_bomb": "2024-07-27 15:05:16 +0000"
    },
    "done": true
  },
  "mores:craft_all_battleaxes": {
    "criteria": {
      "obtain_topaz_battleaxe": "2024-07-27 13:26:59 +0000",
      "obtain_graphene_battleaxe": "2024-07-27 15:01:55 +0000"
    },
    "done": false
  },
  "mores:craft_graphene_battleaxe": {
    "criteria": {
      "obtain_graphene": "2024-07-27 15:01:55 +0000"
    },
    "done": true
  },
  "mores:craft_full_graphene_armor": {
    "criteria": {
      "craft_full_graphene_armor": "2024-07-27 15:02:10 +0000"
    },
    "done": true
  },
  "minecraft:story/iron_tools": {
    "criteria": {
      "iron_pickaxe": "2024-07-27 13:19:35 +0000"
    },
    "done": true
  },
  "mores:craft_full_steel_gear": {
    "criteria": {
      "csc": "2024-07-27 14:42:05 +0000"
    },
    "done": false
  },
  "minecraft:adventure/kill_a_mob": {
    "criteria": {
      "minecraft:zombie": "2024-07-27 13:24:06 +0000"
    },
    "done": true
  },
  "mores:obtain_tourmaline": {
    "criteria": {
      "obtain_tourmaline_gem": "2024-07-27 13:26:29 +0000"
    },
    "done": true
  },
  "alexsmobs:alexsmobs/squid_grapple": {
    "criteria": {
      "capsid": "2024-07-27 15:07:14 +0000"
    },
    "done": true
  },
  "mores:obtain_all": {
    "criteria": {
      "obtain_topaz_gem": "2024-07-27 13:25:08 +0000",
      "obtain_tourmaline": "2024-07-27 13:26:29 +0000"
    },
    "done": false
  },
  "quark:throw_pickarang": {
    "criteria": {
      "throw_pickarang": "2024-07-27 15:11:15 +0000"
    },
    "done": true
  },
  "mores:obtain_tin_ore": {
    "criteria": {
      "obtain_tin_ore": "2024-07-27 15:05:34 +0000"
    },
    "done": true
  },
  "alexscaves:alexscaves/cave_tablet": {
    "criteria": {
      "cave_tablet": "2024-07-27 13:29:46 +0000"
    },
    "done": true
  },
  "minecraft:husbandry/balanced_diet": {
    "criteria": {
      "bread": "2024-07-27 13:24:19 +0000",
      "golden_apple": "2024-07-27 13:36:02 +0000",
      "enchanted_golden_apple": "2024-07-27 15:02:34 +0000"
    },
    "done": false
  },
  "minecraft:story/mine_stone": {
    "criteria": {
      "get_stone": "2024-07-27 13:26:36 +0000"
    },
    "done": true
  },
  "alexscaves:alexscaves/extinction_spear": {
    "criteria": {
      "dreadbow": "2024-07-27 15:34:06 +0000"
    },
    "done": true
  },
  "alexscaves:alexscaves/deep_one_items": {
    "criteria": {
      "magic_conch": "2024-07-27 15:19:04 +0000"
    },
    "done": false
  },
  "mores:obtain_silver_ore": {
    "criteria": {
      "obtain_silver_ore": "2024-07-27 15:05:34 +0000"
    },
    "done": true
  },
  "minecraft:story/mine_diamond": {
    "criteria": {
      "diamond": "2024-07-27 13:28:04 +0000"
    },
    "done": true
  },
  "quark:crawl_in_hollow_log": {
    "criteria": {
      "crawl_in_hollow_log": "2024-07-27 14:44:04 +0000"
    },
    "done": true
  },
  "mores:obtain_cobalt_ore": {
    "criteria": {
      "obtain_cobalt_ore": "2024-07-27 13:34:44 +0000"
    },
    "done": true
  },
  "mores:acquire_hardware": {
    "criteria": {
      "iron": "2024-07-27 13:19:41 +0000"
    },
    "done": true
  },
  "minecraft:story/form_obsidian": {
    "criteria": {
      "obsidian": "2024-07-27 13:22:01 +0000"
    },
    "done": true
  },
  "mores:obtain_emerald": {
    "criteria": {
      "obtain_topaz_gem": "2024-07-27 14:48:17 +0000"
    },
    "done": true
  },
  "minecraft:story/smelt_iron": {
    "criteria": {
      "iron": "2024-07-27 13:19:41 +0000"
    },
    "done": true
  },
  "DataVersion": 3465
}