{
  "incendium:technical/using/trailblazer": {
    "criteria": {
      "log_spam_fixer": "2024-07-29 13:52:19 +0000"
    },
    "done": false
  },
  "takesapillage:root": {
    "criteria": {
      "always": "2024-07-29 13:52:19 +0000"
    },
    "done": true
  },
  "incendium:technical/scroll_of_returning": {
    "criteria": {
      "log_spam_fixer": "2024-07-29 13:52:19 +0000"
    },
    "done": false
  },
  "minecraft:adventure/adventuring_time": {
    "criteria": {
      "minecraft:snowy_slopes": "2024-07-29 15:00:12 +0000",
      "minecraft:old_growth_pine_taiga": "2024-07-29 13:52:19 +0000",
      "minecraft:taiga": "2024-07-29 13:54:20 +0000",
      "minecraft:frozen_river": "2024-07-29 15:01:57 +0000",
      "minecraft:river": "2024-07-29 13:54:30 +0000",
      "minecraft:snowy_plains": "2024-07-29 15:00:50 +0000",
      "minecraft:stony_shore": "2024-07-29 13:54:45 +0000",
      "minecraft:snowy_taiga": "2024-07-29 15:11:43 +0000",
      "minecraft:grove": "2024-07-29 15:12:21 +0000",
      "minecraft:cold_ocean": "2024-07-29 13:58:16 +0000",
      "minecraft:forest": "2024-07-29 13:56:45 +0000",
      "minecraft:deep_cold_ocean": "2024-07-29 15:29:08 +0000",
      "minecraft:frozen_ocean": "2024-07-29 15:01:52 +0000",
      "minecraft:deep_frozen_ocean": "2024-07-29 15:05:06 +0000",
      "minecraft:ocean": "2024-07-29 23:27:11 +0000",
      "minecraft:flower_forest": "2024-07-29 15:33:55 +0000",
      "minecraft:plains": "2024-07-29 14:59:58 +0000"
    },
    "done": false
  },
  "incendium:technical/using/ragnarok": {
    "criteria": {
      "log_spam_fixer": "2024-07-29 13:52:19 +0000"
    },
    "done": false
  },
  "incendium:technical/using/shield": {
    "criteria": {
      "log_spam_fixer": "2024-07-29 13:52:19 +0000"
    },
    "done": false
  },
  "tombstone:adventure/root": {
    "criteria": {
      "auto": "2024-07-29 13:52:19 +0000"
    },
    "done": true
  },
  "incendium:technical/new_player": {
    "criteria": {
      "requirement": "2024-07-29 13:52:19 +0000"
    },
    "done": true
  },
  "mores:root": {
    "criteria": {
      "crafting_table": "2024-07-29 13:53:10 +0000"
    },
    "done": true
  },
  "minecraft:story/root": {
    "criteria": {
      "crafting_table": "2024-07-29 13:53:10 +0000"
    },
    "done": true
  },
  "minecraft:story/mine_stone": {
    "criteria": {
      "get_stone": "2024-07-29 13:55:12 +0000"
    },
    "done": true
  },
  "minecraft:story/upgrade_tools": {
    "criteria": {
      "stone_pickaxe": "2024-07-29 13:55:37 +0000"
    },
    "done": true
  },
  "minecraft:husbandry/root": {
    "criteria": {
      "consumed_item": "2024-07-29 13:58:20 +0000"
    },
    "done": true
  },
  "minecraft:adventure/root": {
    "criteria": {
      "killed_something": "2024-07-29 13:58:32 +0000"
    },
    "done": true
  },
  "minecraft:adventure/kill_all_mobs": {
    "criteria": {
      "minecraft:pillager": "2024-07-29 15:36:19 +0000",
      "minecraft:skeleton": "2024-07-29 13:58:32 +0000",
      "minecraft:ravager": "2024-07-29 23:39:45 +0000",
      "minecraft:vindicator": "2024-07-29 23:31:48 +0000",
      "minecraft:spider": "2024-07-29 14:05:45 +0000",
      "minecraft:creeper": "2024-07-29 23:33:09 +0000",
      "minecraft:evoker": "2024-07-29 23:47:52 +0000",
      "minecraft:phantom": "2024-07-29 15:08:43 +0000",
      "minecraft:witch": "2024-07-29 23:36:50 +0000",
      "minecraft:wither_skeleton": "2024-07-29 14:18:53 +0000",
      "minecraft:cave_spider": "2024-07-29 14:02:49 +0000",
      "minecraft:stray": "2024-07-29 14:03:38 +0000",
      "minecraft:zombie": "2024-07-29 14:02:58 +0000",
      "minecraft:drowned": "2024-07-29 15:06:52 +0000"
    },
    "done": false
  },
  "minecraft:adventure/kill_a_mob": {
    "criteria": {
      "minecraft:skeleton": "2024-07-29 13:58:32 +0000"
    },
    "done": true
  },
  "tombstone:adventure/find_grave_dust": {
    "criteria": {
      "from_undead": "2024-07-29 13:58:35 +0000"
    },
    "done": true
  },
  "tombstone:recipes/from_grave_dust": {
    "criteria": {
      "has_ingredient": "2024-07-29 13:58:40 +0000"
    },
    "done": true
  },
  "mores:acquire_hardware": {
    "criteria": {
      "iron": "2024-07-29 13:58:41 +0000"
    },
    "done": true
  },
  "minecraft:story/smelt_iron": {
    "criteria": {
      "iron": "2024-07-29 13:58:41 +0000"
    },
    "done": true
  },
  "tombstone:adventure/first_knowledge": {
    "criteria": {
      "coded_trigger": "2024-07-29 14:03:38 +0000"
    },
    "done": true
  },
  "tombstone:adventure/ashes_and_bones": {
    "criteria": {
      "coded_trigger": "2024-07-29 14:03:38 +0000"
    },
    "done": true
  },
  "minecraft:story/obtain_armor": {
    "criteria": {
      "iron_chestplate": "2024-07-29 14:03:53 +0000"
    },
    "done": true
  },
  "minecraft:husbandry/balanced_diet": {
    "criteria": {
      "cooked_beef": "2024-07-29 14:04:47 +0000",
      "bread": "2024-07-29 14:24:51 +0000",
      "golden_apple": "2024-07-29 23:40:18 +0000",
      "rotten_flesh": "2024-07-29 14:27:28 +0000",
      "cooked_salmon": "2024-07-29 15:23:03 +0000"
    },
    "done": false
  },
  "minecraft:story/mine_diamond": {
    "criteria": {
      "diamond": "2024-07-29 14:04:55 +0000"
    },
    "done": true
  },
  "minecraft:story/deflect_arrow": {
    "criteria": {
      "deflected_projectile": "2024-07-29 14:05:21 +0000"
    },
    "done": true
  },
  "tombstone:adventure/bone_crusher": {
    "criteria": {
      "coded_trigger": "2024-07-29 14:10:32 +0000"
    },
    "done": true
  },
  "minecraft:story/iron_tools": {
    "criteria": {
      "iron_pickaxe": "2024-07-29 14:18:24 +0000"
    },
    "done": true
  },
  "minecraft:story/shiny_gear": {
    "criteria": {
      "diamond_helmet": "2024-07-29 14:20:00 +0000"
    },
    "done": true
  },
  "tombstone:adventure/first_grave": {
    "criteria": {
      "coded_trigger": "2024-07-29 14:35:46 +0000"
    },
    "done": true
  },
  "tombstone:recipes/from_grave_key": {
    "criteria": {
      "has_ingredient": "2024-07-29 14:35:48 +0000"
    },
    "done": true
  },
  "mores:obtain_tourmaline": {
    "criteria": {
      "obtain_tourmaline_gem": "2024-07-29 14:39:50 +0000"
    },
    "done": true
  },
  "mores:obtain_all": {
    "criteria": {
      "obtain_tourmaline": "2024-07-29 14:39:50 +0000"
    },
    "done": false
  },
  "minecraft:story/form_obsidian": {
    "criteria": {
      "obsidian": "2024-07-29 14:41:17 +0000"
    },
    "done": true
  },
  "incendium:root": {
    "criteria": {
      "requirement": "2024-07-29 14:43:43 +0000"
    },
    "done": true
  },
  "minecraft:nether/root": {
    "criteria": {
      "entered_nether": "2024-07-29 14:43:43 +0000"
    },
    "done": true
  },
  "minecraft:story/enter_the_nether": {
    "criteria": {
      "entered_nether": "2024-07-29 14:43:43 +0000"
    },
    "done": true
  },
  "minecraft:nether/explore_nether": {
    "criteria": {
      "minecraft:nether_wastes": "2024-07-29 14:43:48 +0000"
    },
    "done": false
  },
  "mores:craft_all_battleaxes": {
    "criteria": {
      "obtain_tourmaline_battleaxe": "2024-07-29 14:53:57 +0000"
    },
    "done": false
  },
  "quark:crawl_in_hollow_log": {
    "criteria": {
      "crawl_in_hollow_log": "2024-07-29 14:59:17 +0000"
    },
    "done": true
  },
  "alexsmobs:alexsmobs/orcas_might": {
    "criteria": {
      "all_effects": "2024-07-29 15:05:50 +0000"
    },
    "done": true
  },
  "minecraft:adventure/sleep_in_bed": {
    "criteria": {
      "slept_in_bed": "2024-07-29 15:08:14 +0000"
    },
    "done": true
  },
  "tombstone:adventure/ambush": {
    "criteria": {
      "coded_trigger": "2024-07-29 15:08:43 +0000"
    },
    "done": true
  },
  "alexsmobs:alexsmobs/seagull_steal": {
    "criteria": {
      "ex": "2024-07-29 15:24:46 +0000"
    },
    "done": true
  },
  "alexsmobs:alexsmobs/skunk": {
    "criteria": {
      "ex": "2024-07-29 15:35:31 +0000"
    },
    "done": true
  },
  "minecraft:story/lava_bucket": {
    "criteria": {
      "lava_bucket": "2024-07-29 23:28:50 +0000"
    },
    "done": true
  },
  "takesapillage:bastille": {
    "criteria": {
      "in_bastille": "2024-07-29 23:29:54 +0000"
    },
    "done": true
  },
  "tombstone:adventure/fortuitous_militia": {
    "criteria": {
      "coded_trigger": "2024-07-29 23:31:48 +0000"
    },
    "done": true
  },
  "minecraft:adventure/shoot_arrow": {
    "criteria": {
      "shot_arrow": "2024-07-29 23:38:51 +0000"
    },
    "done": true
  },
  "mores:obtain_emerald": {
    "criteria": {
      "obtain_topaz_gem": "2024-07-29 23:33:58 +0000"
    },
    "done": true
  },
  "DataVersion": 3465
}