{
  "takesapillage:root": {
    "criteria": {
      "always": "2024-07-27 17:16:51 +0000"
    },
    "done": true
  },
  "incendium:technical/new_player": {
    "criteria": {
      "requirement": "2024-07-27 17:16:51 +0000"
    },
    "done": true
  },
  "incendium:technical/using/trailblazer": {
    "criteria": {
      "log_spam_fixer": "2024-07-27 17:16:52 +0000"
    },
    "done": false
  },
  "incendium:technical/scroll_of_returning": {
    "criteria": {
      "log_spam_fixer": "2024-07-27 17:16:52 +0000"
    },
    "done": false
  },
  "minecraft:adventure/adventuring_time": {
    "criteria": {
      "minecraft:old_growth_pine_taiga": "2024-07-27 17:17:12 +0000",
      "minecraft:taiga": "2024-07-27 17:16:52 +0000",
      "minecraft:river": "2024-07-27 17:27:55 +0000",
      "minecraft:stony_shore": "2024-07-27 17:28:21 +0000",
      "minecraft:grove": "2024-07-27 17:19:13 +0000",
      "minecraft:forest": "2024-07-27 17:29:04 +0000"
    },
    "done": false
  },
  "incendium:technical/using/ragnarok": {
    "criteria": {
      "log_spam_fixer": "2024-07-27 17:16:52 +0000"
    },
    "done": false
  },
  "incendium:technical/using/shield": {
    "criteria": {
      "log_spam_fixer": "2024-07-27 17:16:52 +0000"
    },
    "done": false
  },
  "tombstone:adventure/root": {
    "criteria": {
      "auto": "2024-07-27 17:16:52 +0000"
    },
    "done": true
  },
  "DataVersion": 3465
}