{
  "mores:root": {
    "criteria": {
      "crafting_table": "2024-07-29 14:45:16 +0000"
    },
    "done": true
  },
  "incendium:technical/using/trailblazer": {
    "criteria": {
      "log_spam_fixer": "2024-07-29 14:38:14 +0000"
    },
    "done": false
  },
  "takesapillage:root": {
    "criteria": {
      "always": "2024-07-29 14:38:13 +0000"
    },
    "done": true
  },
  "incendium:technical/scroll_of_returning": {
    "criteria": {
      "log_spam_fixer": "2024-07-29 14:38:14 +0000"
    },
    "done": false
  },
  "minecraft:adventure/adventuring_time": {
    "criteria": {
      "minecraft:snowy_slopes": "2024-07-29 14:47:46 +0000",
      "minecraft:old_growth_pine_taiga": "2024-07-29 14:38:44 +0000",
      "minecraft:taiga": "2024-07-29 14:38:14 +0000",
      "minecraft:river": "2024-07-29 14:40:12 +0000",
      "minecraft:stony_shore": "2024-07-29 14:40:20 +0000",
      "minecraft:forest": "2024-07-29 14:41:45 +0000",
      "minecraft:frozen_ocean": "2024-07-29 14:48:13 +0000",
      "minecraft:deep_frozen_ocean": "2024-07-29 14:51:00 +0000",
      "minecraft:plains": "2024-07-29 14:47:26 +0000"
    },
    "done": false
  },
  "incendium:technical/using/ragnarok": {
    "criteria": {
      "log_spam_fixer": "2024-07-29 14:38:14 +0000"
    },
    "done": false
  },
  "minecraft:husbandry/balanced_diet": {
    "criteria": {
      "cooked_rabbit": "2024-07-29 14:48:58 +0000"
    },
    "done": false
  },
  "incendium:technical/using/shield": {
    "criteria": {
      "log_spam_fixer": "2024-07-29 14:38:14 +0000"
    },
    "done": false
  },
  "minecraft:husbandry/root": {
    "criteria": {
      "consumed_item": "2024-07-29 14:48:58 +0000"
    },
    "done": true
  },
  "tombstone:adventure/root": {
    "criteria": {
      "auto": "2024-07-29 14:38:14 +0000"
    },
    "done": true
  },
  "quark:crawl_in_hollow_log": {
    "criteria": {
      "crawl_in_hollow_log": "2024-07-29 14:47:07 +0000"
    },
    "done": true
  },
  "minecraft:story/root": {
    "criteria": {
      "crafting_table": "2024-07-29 14:45:16 +0000"
    },
    "done": true
  },
  "incendium:technical/new_player": {
    "criteria": {
      "requirement": "2024-07-29 14:38:13 +0000"
    },
    "done": true
  },
  "DataVersion": 3465
}